date,interval,treatment,meas.week,week.of.year,pot,water.potential,time,time.of.day,pop.geno,elevation,population,genotype,chamber
230725,predrought1,predrought,1,29,1,-2.36,15:06,midday,NRV101,666,NRV-NEW,101,Ogle
230725,predrought1,predrought,1,29,2,-2.36,15:25,midday,NRV101,666,NRV-NEW,101,Hultine
230725,predrought1,predrought,1,29,3,-1.81,15:22,midday,NRV101,666,NRV-NEW,101,Hultine
230725,predrought1,predrought,1,29,7,-2.17,16:16,midday,NRV105,666,NRV-NEW,105,Ogle
230725,predrought1,predrought,1,29,8,-2.28,15:36,midday,NRV105,666,NRV-NEW,105,Hultine
230725,predrought1,predrought,1,29,9,-2.34,14:25,midday,NRV105,666,NRV-NEW,105,Ogle
230725,predrought1,predrought,1,29,10,-1.96,13:47,midday,NRV118,666,NRV-NEW,118,Hultine
230725,predrought1,predrought,1,29,11,-1.83,14:30,midday,NRV118,666,NRV-NEW,118,Hultine
230725,predrought1,predrought,1,29,12,-2.02,15:45,midday,NRV118,666,NRV-NEW,118,Ogle
230725,predrought1,predrought,1,29,16,-2.23,14:06,midday,NRV122,666,NRV-NEW,122,Hultine
230725,predrought1,predrought,1,29,17,-2.27,13:56,midday,NRV122,666,NRV-NEW,122,Hultine
230725,predrought1,predrought,1,29,18,-2.21,15:15,midday,NRV122,666,NRV-NEW,122,Hultine
230725,predrought1,predrought,1,29,19,-2.5,16:37,midday,NRV123,666,NRV-NEW,123,Ogle
230725,predrought1,predrought,1,29,20,-2.59,16:33,midday,NRV123,666,NRV-NEW,123,Hultine
230725,predrought1,predrought,1,29,21,-2.04,15:02,midday,TSZ10,1219,TSZ-SAN,10,Ogle
230725,predrought1,predrought,1,29,22,-2.29,15:18,midday,NRV123,666,NRV-NEW,123,Ogle
230725,predrought1,predrought,1,29,29,-2.6,15:41,midday,TSZ3,1219,TSZ-SAN,3,Ogle
230725,predrought1,predrought,1,29,30,-2.03,15:04,midday,TSZ3,1219,TSZ-SAN,3,Hultine
230725,predrought1,predrought,1,29,31,-2.2,14:32,midday,TSZ3,1219,TSZ-SAN,3,Ogle
230725,predrought1,predrought,1,29,32,-2.51,15:40,midday,TSZ4,1219,TSZ-SAN,4,Hultine
230725,predrought1,predrought,1,29,33,-1.73,13:59,midday,TSZ4,1219,TSZ-SAN,4,Hultine
230725,predrought1,predrought,1,29,34,-1.88,15:11,midday,TSZ4,1219,TSZ-SAN,4,Hultine
230725,predrought1,predrought,1,29,36,-2.19,15:08,midday,TSZ7,1219,TSZ-SAN,7,Hultine
230725,predrought1,predrought,1,29,37,-2.44,15:01,midday,TSZ7,1219,TSZ-SAN,7,Hultine
230725,predrought1,predrought,1,29,38,-2.26,15:33,midday,TSZ8,1219,TSZ-SAN,8,Hultine
230725,predrought1,predrought,1,29,39,-2.67,13:43,midday,TSZ8,1219,TSZ-SAN,8,Hultine
230725,predrought1,predrought,1,29,40,-2.69,14:29,midday,TSZ8,1219,TSZ-SAN,8,Ogle
230725,predrought1,predrought,1,29,41,-2.22,13:59,midday,TSZ10,1219,TSZ-SAN,10,Ogle
230725,predrought1,predrought,1,29,42,-2.29,13:52,midday,TSZ10,1219,TSZ-SAN,10,Hultine
230725,predrought1,predrought,1,29,43,-2.53,15:24,midday,CCR156,72,CCR-COL,156,Ogle
230725,predrought1,predrought,1,29,44,-2.34,13:37,midday,CCR156,72,CCR-COL,156,Ogle
230725,predrought1,predrought,1,29,45,-1.96,15:14,midday,CCR156,72,CCR-COL,156,Ogle
230725,predrought1,predrought,1,29,46,-2.96,15:34,midday,CCR149,72,CCR-COL,149,Ogle
230725,predrought1,predrought,1,29,47,-2.41,14:46,midday,CCR149,72,CCR-COL,149,Ogle
230725,predrought1,predrought,1,29,48,-2.7,14:10,midday,CCR149,72,CCR-COL,149,Hultine
230725,predrought1,predrought,1,29,49,-2.57,16:10,midday,CCR152,72,CCR-COL,152,Hultine
230725,predrought1,predrought,1,29,50,-2.25,14:26,midday,CCR152,72,CCR-COL,152,Hultine
230725,predrought1,predrought,1,29,51,-2.76,13:42,midday,CCR152,72,CCR-COL,152,Ogle
230725,predrought1,predrought,1,29,58,-2.87,14:51,midday,CCR155,72,CCR-COL,155,Ogle
230725,predrought1,predrought,1,29,59,-2.19,15:43,midday,CCR155,72,CCR-COL,155,Hultine
230725,predrought1,predrought,1,29,60,-2.49,14:47,midday,CCR155,72,CCR-COL,155,Hultine
230725,predrought1,predrought,1,29,61,-2.19,14:14,midday,CCR5,72,CCR-COL,5,Hultine
230725,predrought1,predrought,1,29,62,-1.86,16:56,midday,JLA155,1521,JLA-JAK,155,Hultine
230725,predrought1,predrought,1,29,63,-2.35,16:18,midday,CCR5,72,CCR-COL,5,Hultine
230725,predrought1,predrought,1,29,64,-2.15,16:14,midday,JLA155,1521,JLA-JAK,155,Hultine
230725,predrought1,predrought,1,29,66,-2.22,13:56,midday,JLA155,1521,JLA-JAK,155,Ogle
230725,predrought1,predrought,1,29,67,-2.06,15:10,midday,JLA157,1521,JLA-JAK,157,Ogle
230725,predrought1,predrought,1,29,68,-2.1,14:55,midday,JLA157,1521,JLA-JAK,157,Ogle
230725,predrought1,predrought,1,29,69,-2.02,14:09,midday,JLA153,1521,JLA-JAK,153,Ogle
230725,predrought1,predrought,1,29,70,-1.9,13:34,midday,JLA158,1521,JLA-JAK,158,Hultine
230725,predrought1,predrought,1,29,71,-1.89,16:19,midday,JLA156,1521,JLA-JAK,156,Ogle
230725,predrought1,predrought,1,29,72,-2.14,16:33,midday,JLA157,1521,JLA-JAK,157,Ogle
230725,predrought1,predrought,1,29,73,-2.19,14:06,midday,JLA158,1521,JLA-JAK,158,Ogle
230725,predrought1,predrought,1,29,74,-1.79,14:33,midday,JLA156,1521,JLA-JAK,156,Hultine
230725,predrought1,predrought,1,29,75,-2.25,13:52,midday,JLA156,1521,JLA-JAK,156,Ogle
230725,predrought1,predrought,1,29,76,-2.2,14:12,midday,JLA153,1521,JLA-JAK,153,Ogle
230725,predrought1,predrought,1,29,81,-2.31,13:47,midday,JLA158,1521,JLA-JAK,158,Ogle
230725,predrought1,predrought,1,29,83,-2.44,15:27,midday,TSZ7,1219,TSZ-SAN,7,Ogle
230725,predrought1,predrought,1,29,85,-2.16,14:49,midday,CCR5,72,CCR-COL,5,Hultine
230725,predrought1,predrought,1,29,90,-2.18,15:18,midday,JLA153,1521,JLA-JAK,153,Hultine
230726,predrought1,predrought,1,29,1,-0.39,3:57,predawn,NRV101,666,NRV-NEW,101,Ogle
230726,predrought1,predrought,1,29,2,-0.33,3:51,predawn,NRV101,666,NRV-NEW,101,Hultine
230726,predrought1,predrought,1,29,3,-0.38,3:55,predawn,NRV101,666,NRV-NEW,101,Hultine
230726,predrought1,predrought,1,29,7,-0.48,4:08,predawn,NRV105,666,NRV-NEW,105,Ogle
230726,predrought1,predrought,1,29,8,-0.51,4:24,predawn,NRV105,666,NRV-NEW,105,Ogle
230726,predrought1,predrought,1,29,9,-0.97,3:16,predawn,NRV105,666,NRV-NEW,105,Hultine
230726,predrought1,predrought,1,29,10,-0.43,2:38,predawn,NRV118,666,NRV-NEW,118,Ogle
230726,predrought1,predrought,1,29,11,-0.77,3:25,predawn,NRV118,666,NRV-NEW,118,Ogle
230726,predrought1,predrought,1,29,12,-0.44,4:02,predawn,NRV118,666,NRV-NEW,118,Ogle
230726,predrought1,predrought,1,29,16,-0.51,2:56,predawn,NRV122,666,NRV-NEW,122,Hultine
230726,predrought1,predrought,1,29,17,-0.41,2:53,predawn,NRV122,666,NRV-NEW,122,Ogle
230726,predrought1,predrought,1,29,18,-0.37,3:53,predawn,NRV122,666,NRV-NEW,122,Hultine
230726,predrought1,predrought,1,29,19,-0.4,4:30,predawn,NRV123,666,NRV-NEW,123,Ogle
230726,predrought1,predrought,1,29,20,-0.37,4:20,predawn,NRV123,666,NRV-NEW,123,Hultine
230726,predrought1,predrought,1,29,21,-0.41,3:52,predawn,TSZ10,1219,TSZ-SAN,10,Ogle
230726,predrought1,predrought,1,29,22,-0.78,3:50,predawn,NRV123,666,NRV-NEW,123,Ogle
230726,predrought1,predrought,1,29,29,-0.74,4:08,predawn,TSZ3,1219,TSZ-SAN,3,Hultine
230726,predrought1,predrought,1,29,30,-0.47,3:34,predawn,TSZ3,1219,TSZ-SAN,3,Hultine
230726,predrought1,predrought,1,29,31,-0.76,3:23,predawn,TSZ3,1219,TSZ-SAN,3,Hultine
230726,predrought1,predrought,1,29,32,-0.38,4:02,predawn,TSZ4,1219,TSZ-SAN,4,Hultine
230726,predrought1,predrought,1,29,33,-0.43,3:00,predawn,TSZ4,1219,TSZ-SAN,4,Ogle
230726,predrought1,predrought,1,29,34,-0.44,3:41,predawn,TSZ4,1219,TSZ-SAN,4,Hultine
230726,predrought1,predrought,1,29,36,-0.72,3:39,predawn,TSZ7,1219,TSZ-SAN,7,Hultine
230726,predrought1,predrought,1,29,37,-0.55,3:55,predawn,TSZ7,1219,TSZ-SAN,7,Ogle
230726,predrought1,predrought,1,29,38,-0.3,4:21,predawn,TSZ8,1219,TSZ-SAN,8,Ogle
230726,predrought1,predrought,1,29,39,-0.4,2:33,predawn,TSZ8,1219,TSZ-SAN,8,Ogle
230726,predrought1,predrought,1,29,40,-0.86,3:20,predawn,TSZ8,1219,TSZ-SAN,8,Hultine
230726,predrought1,predrought,1,29,41,-0.7,2:42,predawn,TSZ10,1219,TSZ-SAN,10,Hultine
230726,predrought1,predrought,1,29,42,-0.59,2:56,predawn,TSZ10,1219,TSZ-SAN,10,Ogle
230726,predrought1,predrought,1,29,43,-0.41,4:06,predawn,CCR156,72,CCR-COL,156,Ogle
230726,predrought1,predrought,1,29,44,-0.58,2:45,predawn,CCR156,72,CCR-COL,156,Hultine
230726,predrought1,predrought,1,29,45,-0.49,3:49,predawn,CCR156,72,CCR-COL,156,Hultine
230726,predrought1,predrought,1,29,46,-0.5,4:10,predawn,CCR149,72,CCR-COL,149,Hultine
230726,predrought1,predrought,1,29,47,-0.58,3:38,predawn,CCR149,72,CCR-COL,149,Ogle
230726,predrought1,predrought,1,29,48,-0.81,2:59,predawn,CCR149,72,CCR-COL,149,Hultine
230726,predrought1,predrought,1,29,49,-0.61,4:24,predawn,CCR152,72,CCR-COL,152,Hultine
230726,predrought1,predrought,1,29,50,-0.92,3:21,predawn,CCR152,72,CCR-COL,152,Ogle
230726,predrought1,predrought,1,29,51,-0.85,2:25,predawn,CCR152,72,CCR-COL,152,Hultine
230726,predrought1,predrought,1,29,58,-0.83,3:47,predawn,CCR155,72,CCR-COL,155,Hultine
230726,predrought1,predrought,1,29,59,-0.42,4:29,predawn,CCR155,72,CCR-COL,155,Ogle
230726,predrought1,predrought,1,29,60,-0.47,3:47,predawn,CCR155,72,CCR-COL,155,Ogle
230726,predrought1,predrought,1,29,61,-0.88,3:04,predawn,CCR5,72,CCR-COL,5,Ogle
230726,predrought1,predrought,1,29,62,-0.44,4:26,predawn,JLA155,1521,JLA-JAK,155,Ogle
230726,predrought1,predrought,1,29,63,-0.75,4:30,predawn,CCR5,72,CCR-COL,5,Hultine
230726,predrought1,predrought,1,29,64,-0.29,4:18,predawn,JLA155,1521,JLA-JAK,155,Hultine
230726,predrought1,predrought,1,29,66,-0.63,2:38,predawn,JLA155,1521,JLA-JAK,155,Hultine
230726,predrought1,predrought,1,29,67,-0.62,3:26,predawn,JLA157,1521,JLA-JAK,157,Hultine
230726,predrought1,predrought,1,29,68,-0.95,3:45,predawn,JLA157,1521,JLA-JAK,157,Ogle
230726,predrought1,predrought,1,29,69,-0.12,3:01,predawn,JLA153,1521,JLA-JAK,153,Hultine
230726,predrought1,predrought,1,29,70,-0.54,2:36,predawn,JLA158,1521,JLA-JAK,158,Ogle
230726,predrought1,predrought,1,29,71,-0.53,4:18,predawn,JLA156,1521,JLA-JAK,156,Ogle
230726,predrought1,predrought,1,29,72,-0.55,4:27,predawn,JLA157,1521,JLA-JAK,157,Hultine
230726,predrought1,predrought,1,29,73,-0.5,3:14,predawn,JLA158,1521,JLA-JAK,158,Ogle
230726,predrought1,predrought,1,29,74,-0.58,3:17,predawn,JLA156,1521,JLA-JAK,156,Ogle
230726,predrought1,predrought,1,29,75,-0.19,2:58,predawn,JLA156,1521,JLA-JAK,156,Ogle
230726,predrought1,predrought,1,29,76,-0.78,2:54,predawn,JLA153,1521,JLA-JAK,153,Hultine
230726,predrought1,predrought,1,29,81,-0.78,2:43,predawn,JLA158,1521,JLA-JAK,158,Ogle
230726,predrought1,predrought,1,29,83,-0.29,4:04,predawn,TSZ7,1219,TSZ-SAN,7,Ogle
230726,predrought1,predrought,1,29,85,-0.68,3:35,predawn,CCR5,72,CCR-COL,5,Ogle
230726,predrought1,predrought,1,29,90,-0.39,4:04,predawn,JLA153,1521,JLA-JAK,153,Hultine
230811,predrought2,predrought,2,32,1,-1.98,16:10,midday,NRV101,666,NRV-NEW,101,Hultine
230811,predrought2,predrought,2,32,2,-2.63,15:00,midday,NRV101,666,NRV-NEW,101,Hultine
230811,predrought2,predrought,2,32,3,-2.3,15:06,midday,NRV101,666,NRV-NEW,101,Hultine
230811,predrought2,predrought,2,32,7,-2.26,15:56,midday,NRV105,666,NRV-NEW,105,Hultine
230811,predrought2,predrought,2,32,8,-2.18,15:47,midday,NRV105,666,NRV-NEW,105,Ogle
230811,predrought2,predrought,2,32,9,-2.63,14:36,midday,NRV105,666,NRV-NEW,105,Hultine
230811,predrought2,predrought,2,32,10,-2.11,13:53,midday,NRV118,666,NRV-NEW,118,Ogle
230811,predrought2,predrought,2,32,11,-1.72,14:14,midday,NRV118,666,NRV-NEW,118,Ogle
230811,predrought2,predrought,2,32,12,-1.91,15:26,midday,NRV118,666,NRV-NEW,118,Ogle
230811,predrought2,predrought,2,32,16,-2.31,14:09,midday,NRV122,666,NRV-NEW,122,Hultine
230811,predrought2,predrought,2,32,17,-2.2,14:12,midday,NRV122,666,NRV-NEW,122,Ogle
230811,predrought2,predrought,2,32,18,-2.47,15:28,midday,NRV122,666,NRV-NEW,122,Hultine
230811,predrought2,predrought,2,32,19,-2.03,15:59,midday,NRV123,666,NRV-NEW,123,Hultine
230811,predrought2,predrought,2,32,20,-2.05,15:59,midday,NRV123,666,NRV-NEW,123,Ogle
230811,predrought2,predrought,2,32,21,-2.76,14:48,midday,TSZ10,1219,TSZ-SAN,10,Hultine
230811,predrought2,predrought,2,32,22,-2.12,14:51,midday,NRV123,666,NRV-NEW,123,Ogle
230811,predrought2,predrought,2,32,29,-2.47,15:22,midday,TSZ3,1219,TSZ-SAN,3,Hultine
230811,predrought2,predrought,2,32,30,-2.74,15:10,midday,TSZ3,1219,TSZ-SAN,3,Ogle
230811,predrought2,predrought,2,32,31,-2.16,14:17,midday,TSZ3,1219,TSZ-SAN,3,Ogle
230811,predrought2,predrought,2,32,32,-1.92,15:08,midday,TSZ4,1219,TSZ-SAN,4,Hultine
230811,predrought2,predrought,2,32,33,-1.79,14:06,midday,TSZ4,1219,TSZ-SAN,4,Ogle
230811,predrought2,predrought,2,32,34,-2.59,14:47,midday,TSZ4,1219,TSZ-SAN,4,Ogle
230811,predrought2,predrought,2,32,36,-2.15,14:40,midday,TSZ7,1219,TSZ-SAN,7,Hultine
230811,predrought2,predrought,2,32,37,-2.31,14:55,midday,TSZ7,1219,TSZ-SAN,7,Hultine
230811,predrought2,predrought,2,32,38,-2.47,15:46,midday,TSZ8,1219,TSZ-SAN,8,Hultine
230811,predrought2,predrought,2,32,39,-2.28,13:56,midday,TSZ8,1219,TSZ-SAN,8,Ogle
230811,predrought2,predrought,2,32,40,-3.11,14:21,midday,TSZ8,1219,TSZ-SAN,8,Ogle
230811,predrought2,predrought,2,32,41,-2.09,13:54,midday,TSZ10,1219,TSZ-SAN,10,Hultine
230811,predrought2,predrought,2,32,42,-2.25,14:02,midday,TSZ10,1219,TSZ-SAN,10,Ogle
230811,predrought2,predrought,2,32,43,-2.21,15:51,midday,CCR156,72,CCR-COL,156,Hultine
230811,predrought2,predrought,2,32,44,-2.28,14:01,midday,CCR156,72,CCR-COL,156,Hultine
230811,predrought2,predrought,2,32,45,-1.92,14:51,midday,CCR156,72,CCR-COL,156,Hultine
230811,predrought2,predrought,2,32,46,-2.1,15:12,midday,CCR149,72,CCR-COL,149,Hultine
230811,predrought2,predrought,2,32,47,-2.3,14:39,midday,CCR149,72,CCR-COL,149,Ogle
230811,predrought2,predrought,2,32,48,-2.2,14:11,midday,CCR149,72,CCR-COL,149,Hultine
230811,predrought2,predrought,2,32,49,-1.75,16:03,midday,CCR152,72,CCR-COL,152,Hultine
230811,predrought2,predrought,2,32,50,-2.42,14:17,midday,CCR152,72,CCR-COL,152,Hultine
230811,predrought2,predrought,2,32,51,-1.64,14:00,midday,CCR152,72,CCR-COL,152,Ogle
230811,predrought2,predrought,2,32,58,-1.74,14:42,midday,CCR155,72,CCR-COL,155,Hultine
230811,predrought2,predrought,2,32,59,-2.02,15:52,midday,CCR155,72,CCR-COL,155,Ogle
230811,predrought2,predrought,2,32,60,-2.45,14:32,midday,CCR155,72,CCR-COL,155,Hultine
230811,predrought2,predrought,2,32,61,-2.48,16:03,midday,CCR5,72,CCR-COL,5,Ogle
230811,predrought2,predrought,2,32,62,-2.12,15:45,midday,JLA155,1521,JLA-JAK,155,Ogle
230811,predrought2,predrought,2,32,63,-1.58,16:07,midday,CCR5,72,CCR-COL,5,Ogle
230811,predrought2,predrought,2,32,64,-2.15,16:07,midday,JLA155,1521,JLA-JAK,155,Hultine
230811,predrought2,predrought,2,32,66,-1.85,13:51,midday,JLA155,1521,JLA-JAK,155,Hultine
230811,predrought2,predrought,2,32,67,-2.02,14:30,midday,JLA157,1521,JLA-JAK,157,Ogle
230811,predrought2,predrought,2,32,68,-2.2,14:33,midday,JLA157,1521,JLA-JAK,157,Ogle
230811,predrought2,predrought,2,32,69,-2.3,14:06,midday,JLA153,1521,JLA-JAK,153,Hultine
230811,predrought2,predrought,2,32,70,-1.95,13:58,midday,JLA158,1521,JLA-JAK,158,Hultine
230811,predrought2,predrought,2,32,71,-1.87,15:53,midday,JLA156,1521,JLA-JAK,156,Hultine
230811,predrought2,predrought,2,32,72,-2.09,15:50,midday,JLA157,1521,JLA-JAK,157,Ogle
230811,predrought2,predrought,2,32,73,-2.7,14:22,midday,JLA158,1521,JLA-JAK,158,Hultine
230811,predrought2,predrought,2,32,74,-1.77,14:19,midday,JLA156,1521,JLA-JAK,156,Hultine
230811,predrought2,predrought,2,32,75,-2.06,14:09,midday,JLA156,1521,JLA-JAK,156,Ogle
230811,predrought2,predrought,2,32,76,-1.82,14:24,midday,JLA153,1521,JLA-JAK,153,Hultine
230811,predrought2,predrought,2,32,81,-1.97,13:58,midday,JLA158,1521,JLA-JAK,158,Ogle
230811,predrought2,predrought,2,32,83,-2.98,15:24,midday,TSZ7,1219,TSZ-SAN,7,Ogle
230811,predrought2,predrought,2,32,85,-2.08,14:41,midday,CCR5,72,CCR-COL,5,Ogle
230811,predrought2,predrought,2,32,90,-2.05,15:28,midday,JLA153,1521,JLA-JAK,153,Ogle
230811,predrought2,predrought,2,32,1,-0.41,3:41,predawn,NRV101,666,NRV-NEW,101,Ogle
230811,predrought2,predrought,2,32,2,-0.33,3:46,predawn,NRV101,666,NRV-NEW,101,Hultine
230811,predrought2,predrought,2,32,3,-0.54,4:05,predawn,NRV101,666,NRV-NEW,101,Ogle
230811,predrought2,predrought,2,32,7,-1.19,4:15,predawn,NRV105,666,NRV-NEW,105,Hultine
230811,predrought2,predrought,2,32,8,-0.73,4:13,predawn,NRV105,666,NRV-NEW,105,Ogle
230811,predrought2,predrought,2,32,9,-0.92,3:10,predawn,NRV105,666,NRV-NEW,105,Hultine
230811,predrought2,predrought,2,32,10,-0.72,2:42,predawn,NRV118,666,NRV-NEW,118,Ogle
230811,predrought2,predrought,2,32,11,-0.57,3:05,predawn,NRV118,666,NRV-NEW,118,Ogle
230811,predrought2,predrought,2,32,12,-0.29,3:59,predawn,NRV118,666,NRV-NEW,118,Hultine
230811,predrought2,predrought,2,32,16,-0.6,2:45,predawn,NRV122,666,NRV-NEW,122,Ogle
230811,predrought2,predrought,2,32,17,-0.56,4:37,predawn,NRV122,666,NRV-NEW,122,Hultine
230811,predrought2,predrought,2,32,18,-0.54,3:50,predawn,NRV122,666,NRV-NEW,122,Ogle
230811,predrought2,predrought,2,32,19,-0.59,4:33,predawn,NRV123,666,NRV-NEW,123,Ogle
230811,predrought2,predrought,2,32,20,-0.68,4:32,predawn,NRV123,666,NRV-NEW,123,Hultine
230811,predrought2,predrought,2,32,21,-0.44,3:37,predawn,TSZ10,1219,TSZ-SAN,10,Ogle
230811,predrought2,predrought,2,32,22,-0.36,3:39,predawn,NRV123,666,NRV-NEW,123,Hultine
230811,predrought2,predrought,2,32,29,-0.68,3:53,predawn,TSZ3,1219,TSZ-SAN,3,Ogle
230811,predrought2,predrought,2,32,30,-0.77,3:25,predawn,TSZ3,1219,TSZ-SAN,3,Hultine
230811,predrought2,predrought,2,32,31,-0.44,3:15,predawn,TSZ3,1219,TSZ-SAN,3,Hultine
230811,predrought2,predrought,2,32,32,-0.4,3:57,predawn,TSZ4,1219,TSZ-SAN,4,Ogle
230811,predrought2,predrought,2,32,33,-0.37,2:55,predawn,TSZ4,1219,TSZ-SAN,4,Hultine
230811,predrought2,predrought,2,32,34,-0.74,3:42,predawn,TSZ4,1219,TSZ-SAN,4,Hultine
230811,predrought2,predrought,2,32,36,-0.39,3:22,predawn,TSZ7,1219,TSZ-SAN,7,Hultine
230811,predrought2,predrought,2,32,37,-0.51,3:45,predawn,TSZ7,1219,TSZ-SAN,7,Ogle
230811,predrought2,predrought,2,32,38,-0.58,4:20,predawn,TSZ8,1219,TSZ-SAN,8,Ogle
230811,predrought2,predrought,2,32,39,-0.48,2:38,predawn,TSZ8,1219,TSZ-SAN,8,Ogle
230811,predrought2,predrought,2,32,40,-0.6,3:13,predawn,TSZ8,1219,TSZ-SAN,8,Hultine
230811,predrought2,predrought,2,32,41,-0.65,2:47,predawn,TSZ10,1219,TSZ-SAN,10,Hultine
230811,predrought2,predrought,2,32,42,-0.51,4:31,predawn,TSZ10,1219,TSZ-SAN,10,Ogle
230811,predrought2,predrought,2,32,43,-0.66,3:55,predawn,CCR156,72,CCR-COL,156,Hultine
230811,predrought2,predrought,2,32,44,-0.77,2:38,predawn,CCR156,72,CCR-COL,156,Hultine
230811,predrought2,predrought,2,32,45,-0.51,3:44,predawn,CCR156,72,CCR-COL,156,Hultine
230811,predrought2,predrought,2,32,46,-0.62,4:01,predawn,CCR149,72,CCR-COL,149,Hultine
230811,predrought2,predrought,2,32,47,-0.44,3:30,predawn,CCR149,72,CCR-COL,149,Hultine
230811,predrought2,predrought,2,32,48,-0.61,2:50,predawn,CCR149,72,CCR-COL,149,Ogle
230811,predrought2,predrought,2,32,49,-0.93,4:35,predawn,CCR152,72,CCR-COL,152,Hultine
230811,predrought2,predrought,2,32,50,-0.61,3:10,predawn,CCR152,72,CCR-COL,152,Ogle
230811,predrought2,predrought,2,32,51,-0.712,2:33,predawn,CCR152,72,CCR-COL,152,Ogle
230811,predrought2,predrought,2,32,58,-0.73,3:20,predawn,CCR155,72,CCR-COL,155,Ogle
230811,predrought2,predrought,2,32,59,-0.52,4:19,predawn,CCR155,72,CCR-COL,155,Hultine
230811,predrought2,predrought,2,32,60,-0.49,3:34,predawn,CCR155,72,CCR-COL,155,Ogle
230811,predrought2,predrought,2,32,61,-0.52,4:28,predawn,CCR5,72,CCR-COL,5,Ogle
230811,predrought2,predrought,2,32,62,-1.3,4:17,predawn,JLA155,1521,JLA-JAK,155,Ogle
230811,predrought2,predrought,2,32,63,-0.76,4:18,predawn,CCR5,72,CCR-COL,5,Hultine
230811,predrought2,predrought,2,32,64,-0.61,4:30,predawn,JLA155,1521,JLA-JAK,155,Hultine
230811,predrought2,predrought,2,32,66,-0.89,2:50,predawn,JLA155,1521,JLA-JAK,155,Hultine
230811,predrought2,predrought,2,32,67,-0.7,3:30,predawn,JLA157,1521,JLA-JAK,157,Ogle
230811,predrought2,predrought,2,32,68,-0.66,3:27,predawn,JLA157,1521,JLA-JAK,157,Hultine
230811,predrought2,predrought,2,32,69,-0.67,2:47,predawn,JLA153,1521,JLA-JAK,153,Ogle
230811,predrought2,predrought,2,32,70,-0.44,2:42,predawn,JLA158,1521,JLA-JAK,158,Hultine
230811,predrought2,predrought,2,32,71,-0.36,4:12,predawn,JLA156,1521,JLA-JAK,156,Hultine
230811,predrought2,predrought,2,32,72,-0.72,4:09,predawn,JLA157,1521,JLA-JAK,157,Ogle
230811,predrought2,predrought,2,32,73,-0.49,2:55,predawn,JLA158,1521,JLA-JAK,158,Ogle
230811,predrought2,predrought,2,32,74,-0.35,3:17,predawn,JLA156,1521,JLA-JAK,156,Hultine
230811,predrought2,predrought,2,32,75,-0.39,3:04,predawn,JLA156,1521,JLA-JAK,156,Hultine
230811,predrought2,predrought,2,32,76,-0.77,2:58,predawn,JLA153,1521,JLA-JAK,153,Ogle
230811,predrought2,predrought,2,32,81,-0.83,2:35,predawn,JLA158,1521,JLA-JAK,158,Ogle
230811,predrought2,predrought,2,32,83,-0.43,3:57,predawn,TSZ7,1219,TSZ-SAN,7,Hultine
230811,predrought2,predrought,2,32,85,-0.53,3:24,predawn,CCR5,72,CCR-COL,5,Ogle
230811,predrought2,predrought,2,32,90,-0.55,4:00,predawn,JLA153,1521,JLA-JAK,153,Ogle
230818,drought1,predrought,3,33,1,-2.24,13:41,midday,NRV101,666,NRV-NEW,101,Hultine
230818,drought1,predrought,3,33,2,-1.8,13:45,midday,NRV101,666,NRV-NEW,101,Hultine
230818,drought1,predrought,3,33,3,-2.48,13:41,midday,NRV101,666,NRV-NEW,101,Ogle
230818,drought1,predrought,3,33,7,-1.85,13:16,midday,NRV105,666,NRV-NEW,105,Hultine
230818,drought1,predrought,3,33,8,-1.77,13:33,midday,NRV105,666,NRV-NEW,105,Ogle
230818,drought1,predrought,3,33,9,-1.81,14:04,midday,NRV105,666,NRV-NEW,105,Hultine
230818,drought1,predrought,3,33,10,-1.82,14:26,midday,NRV118,666,NRV-NEW,118,Hultine
230818,drought1,predrought,3,33,11,-1.94,14:18,midday,NRV118,666,NRV-NEW,118,Ogle
230818,drought1,predrought,3,33,12,-1.97,13:35,midday,NRV118,666,NRV-NEW,118,Hultine
230818,drought1,predrought,3,33,16,-1.35,14:12,midday,NRV122,666,NRV-NEW,122,Hultine
230818,drought1,predrought,3,33,17,-1.39,14:37,midday,NRV122,666,NRV-NEW,122,Hultine
230818,drought1,predrought,3,33,18,-1.96,13:46,midday,NRV122,666,NRV-NEW,122,Ogle
230818,drought1,predrought,3,33,19,-1.89,13:13,midday,NRV123,666,NRV-NEW,123,Hultine
230818,drought1,predrought,3,33,20,-2.11,13:15,midday,NRV123,666,NRV-NEW,123,Ogle
230818,drought1,predrought,3,33,21,-2.03,13:49,midday,TSZ10,1219,TSZ-SAN,10,Ogle
230818,drought1,predrought,3,33,22,-2.1,13:49,midday,NRV123,666,NRV-NEW,123,Hultine
230818,drought1,predrought,3,33,29,-1.69,13:31,midday,TSZ3,1219,TSZ-SAN,3,Ogle
230818,drought1,predrought,3,33,30,-2.15,13:56,midday,TSZ3,1219,TSZ-SAN,3,Ogle
230818,drought1,predrought,3,33,31,-1.94,14:15,midday,TSZ3,1219,TSZ-SAN,3,Ogle
230818,drought1,predrought,3,33,32,-1.91,13:54,midday,TSZ4,1219,TSZ-SAN,4,Hultine
230818,drought1,predrought,3,33,33,-1.76,14:39,midday,TSZ4,1219,TSZ-SAN,4,Hultine
230818,drought1,predrought,3,33,34,-2.46,14:04,midday,TSZ4,1219,TSZ-SAN,4,Ogle
230818,drought1,predrought,3,33,36,-1.86,14:07,midday,TSZ7,1219,TSZ-SAN,7,Hultine
230818,drought1,predrought,3,33,37,-2.46,13:53,midday,TSZ7,1219,TSZ-SAN,7,Ogle
230818,drought1,predrought,3,33,38,-1.86,13:37,midday,TSZ8,1219,TSZ-SAN,8,Hultine
230818,drought1,predrought,3,33,39,-2.15,14:28,midday,TSZ8,1219,TSZ-SAN,8,Hultine
230818,drought1,predrought,3,33,40,-2.1,14:12,midday,TSZ8,1219,TSZ-SAN,8,Ogle
230818,drought1,predrought,3,33,41,-1.8,14:42,midday,TSZ10,1219,TSZ-SAN,10,Ogle
230818,drought1,predrought,3,33,42,-2.06,14:21,midday,TSZ10,1219,TSZ-SAN,10,Ogle
230818,drought1,predrought,3,33,43,-1.89,13:30,midday,CCR156,72,CCR-COL,156,Hultine
230818,drought1,predrought,3,33,44,-1.81,14:30,midday,CCR156,72,CCR-COL,156,Hultine
230818,drought1,predrought,3,33,45,-2.33,13:52,midday,CCR156,72,CCR-COL,156,Hultine
230818,drought1,predrought,3,33,46,-1.66,13:32,midday,CCR149,72,CCR-COL,149,Hultine
230818,drought1,predrought,3,33,47,-2.13,14:00,midday,CCR149,72,CCR-COL,149,Hultine
230818,drought1,predrought,3,33,48,-2.18,14:26,midday,CCR149,72,CCR-COL,149,Ogle
230818,drought1,predrought,3,33,49,-1.66,13:13,midday,CCR152,72,CCR-COL,152,Ogle
230818,drought1,predrought,3,33,50,-1.74,14:20,midday,CCR152,72,CCR-COL,152,Hultine
230818,drought1,predrought,3,33,51,-1.51,14:28,midday,CCR152,72,CCR-COL,152,Ogle
230818,drought1,predrought,3,33,58,-1.91,13:57,midday,CCR155,72,CCR-COL,155,Hultine
230818,drought1,predrought,3,33,59,-1.73,13:29,midday,CCR155,72,CCR-COL,155,Ogle
230818,drought1,predrought,3,33,60,-1.87,14:06,midday,CCR155,72,CCR-COL,155,Ogle
230818,drought1,predrought,3,33,61,-2.01,14:18,midday,CCR5,72,CCR-COL,5,Hultine
230818,drought1,predrought,3,33,62,-2.03,13:36,midday,JLA155,1521,JLA-JAK,155,Ogle
230818,drought1,predrought,3,33,63,-1.91,13:25,midday,CCR5,72,CCR-COL,5,Hultine
230818,drought1,predrought,3,33,64,-1.81,13:19,midday,JLA155,1521,JLA-JAK,155,Ogle
230818,drought1,predrought,3,33,66,-1.7,14:42,midday,JLA155,1521,JLA-JAK,155,Hultine
230818,drought1,predrought,3,33,67,-2.57,14:00,midday,JLA157,1521,JLA-JAK,157,Ogle
230818,drought1,predrought,3,33,68,-2.12,14:10,midday,JLA157,1521,JLA-JAK,157,Ogle
230818,drought1,predrought,3,33,69,-2.1,14:16,midday,JLA153,1521,JLA-JAK,153,Hultine
230818,drought1,predrought,3,33,70,-1.88,14:30,midday,JLA158,1521,JLA-JAK,158,Ogle
230818,drought1,predrought,3,33,71,-1.97,13:21,midday,JLA156,1521,JLA-JAK,156,Hultine
230818,drought1,predrought,3,33,72,-2.16,13:26,midday,JLA157,1521,JLA-JAK,157,Ogle
230818,drought1,predrought,3,33,73,-1.98,14:40,midday,JLA158,1521,JLA-JAK,158,Ogle
230818,drought1,predrought,3,33,74,-1.85,14:33,midday,JLA156,1521,JLA-JAK,156,Ogle
230818,drought1,predrought,3,33,75,-2.12,14:36,midday,JLA156,1521,JLA-JAK,156,Ogle
230818,drought1,predrought,3,33,76,-1.72,14:38,midday,JLA153,1521,JLA-JAK,153,Ogle
230818,drought1,predrought,3,33,81,-2.28,14:34,midday,JLA158,1521,JLA-JAK,158,Hultine
230818,drought1,predrought,3,33,83,-2.38,13:27,midday,TSZ7,1219,TSZ-SAN,7,Hultine
230818,drought1,predrought,3,33,85,-2.06,14:10,midday,CCR5,72,CCR-COL,5,Hultine
230818,drought1,predrought,3,33,90,-2,13:43,midday,JLA153,1521,JLA-JAK,153,Ogle
230818,drought1,predrought,3,33,1,-0.39,2:56,predawn,NRV101,666,NRV-NEW,101,Hultine
230818,drought1,predrought,3,33,2,-0.99,2:58,predawn,NRV101,666,NRV-NEW,101,Ogle
230818,drought1,predrought,3,33,3,-0.73,2:54,predawn,NRV101,666,NRV-NEW,101,Ogle
230818,drought1,predrought,3,33,7,-0.59,2:34,predawn,NRV105,666,NRV-NEW,105,Ogle
230818,drought1,predrought,3,33,8,-0.52,2:33,predawn,NRV105,666,NRV-NEW,105,Hultine
230818,drought1,predrought,3,33,9,-0.51,3:05,predawn,NRV105,666,NRV-NEW,105,Hultine
230818,drought1,predrought,3,33,10,-0.42,3:37,predawn,NRV118,666,NRV-NEW,118,Hultine
230818,drought1,predrought,3,33,11,-0.39,3:22,predawn,NRV118,666,NRV-NEW,118,Hultine
230818,drought1,predrought,3,33,12,-0.35,2:38,predawn,NRV118,666,NRV-NEW,118,Hultine
230818,drought1,predrought,3,33,16,-0.42,3:19,predawn,NRV122,666,NRV-NEW,122,Ogle
230818,drought1,predrought,3,33,17,-0.66,3:34,predawn,NRV122,666,NRV-NEW,122,Hultine
230818,drought1,predrought,3,33,18,-0.75,2:56,predawn,NRV122,666,NRV-NEW,122,Ogle
230818,drought1,predrought,3,33,19,-0.55,2:22,predawn,NRV123,666,NRV-NEW,123,Hultine
230818,drought1,predrought,3,33,20,-1.38,2:31,predawn,NRV123,666,NRV-NEW,123,Ogle
230818,drought1,predrought,3,33,21,-0.41,2:50,predawn,TSZ10,1219,TSZ-SAN,10,Ogle
230818,drought1,predrought,3,33,22,-0.69,2:43,predawn,NRV123,666,NRV-NEW,123,Ogle
230818,drought1,predrought,3,33,29,-0.56,2:36,predawn,TSZ3,1219,TSZ-SAN,3,Ogle
230818,drought1,predrought,3,33,30,-0.51,2:52,predawn,TSZ3,1219,TSZ-SAN,3,Hultine
230818,drought1,predrought,3,33,31,-0.52,3:10,predawn,TSZ3,1219,TSZ-SAN,3,Hultine
230818,drought1,predrought,3,33,32,-0.49,2:40,predawn,TSZ4,1219,TSZ-SAN,4,Ogle
230818,drought1,predrought,3,33,33,-0.59,3:21,predawn,TSZ4,1219,TSZ-SAN,4,Ogle
230818,drought1,predrought,3,33,34,-1.02,2:55,predawn,TSZ4,1219,TSZ-SAN,4,Hultine
230818,drought1,predrought,3,33,36,-0.52,2:50,predawn,TSZ7,1219,TSZ-SAN,7,Hultine
230818,drought1,predrought,3,33,37,-0.62,2:58,predawn,TSZ7,1219,TSZ-SAN,7,Hultine
230818,drought1,predrought,3,33,38,-0.57,2:26,predawn,TSZ8,1219,TSZ-SAN,8,Ogle
230818,drought1,predrought,3,33,39,-0.27,3:31,predawn,TSZ8,1219,TSZ-SAN,8,Ogle
230818,drought1,predrought,3,33,40,-0.48,3:07,predawn,TSZ8,1219,TSZ-SAN,8,Hultine
230818,drought1,predrought,3,33,41,-0.51,3:35,predawn,TSZ10,1219,TSZ-SAN,10,Ogle
230818,drought1,predrought,3,33,42,-0.78,3:24,predawn,TSZ10,1219,TSZ-SAN,10,Hultine
230818,drought1,predrought,3,33,43,-0.36,2:40,predawn,CCR156,72,CCR-COL,156,Hultine
230818,drought1,predrought,3,33,44,-0.88,3:39,predawn,CCR156,72,CCR-COL,156,Ogle
230818,drought1,predrought,3,33,45,-0.83,2:45,predawn,CCR156,72,CCR-COL,156,Ogle
230818,drought1,predrought,3,33,46,-0.61,2:36,predawn,CCR149,72,CCR-COL,149,Hultine
230818,drought1,predrought,3,33,47,-0.75,3:05,predawn,CCR149,72,CCR-COL,149,Ogle
230818,drought1,predrought,3,33,48,-0.81,3:20,predawn,CCR149,72,CCR-COL,149,Hultine
230818,drought1,predrought,3,33,49,-0.78,2:25,predawn,CCR152,72,CCR-COL,152,Hultine
230818,drought1,predrought,3,33,50,-0.32,3:12,predawn,CCR152,72,CCR-COL,152,Hultine
230818,drought1,predrought,3,33,51,-0.37,3:32,predawn,CCR152,72,CCR-COL,152,Hultine
230818,drought1,predrought,3,33,58,-0.47,3:08,predawn,CCR155,72,CCR-COL,155,Hultine
230818,drought1,predrought,3,33,59,-0.54,2:43,predawn,CCR155,72,CCR-COL,155,Hultine
230818,drought1,predrought,3,33,60,-0.34,3:13,predawn,CCR155,72,CCR-COL,155,Ogle
230818,drought1,predrought,3,33,61,-0.69,3:27,predawn,CCR5,72,CCR-COL,5,Hultine
230818,drought1,predrought,3,33,62,-0.48,2:24,predawn,JLA155,1521,JLA-JAK,155,Ogle
230818,drought1,predrought,3,33,63,-0.57,2:22,predawn,CCR5,72,CCR-COL,5,Ogle
230818,drought1,predrought,3,33,64,-0.42,2:27,predawn,JLA155,1521,JLA-JAK,155,Hultine
230818,drought1,predrought,3,33,66,-0.55,3:35,predawn,JLA155,1521,JLA-JAK,155,Hultine
230818,drought1,predrought,3,33,67,-0.82,3:10,predawn,JLA157,1521,JLA-JAK,157,Ogle
230818,drought1,predrought,3,33,68,-1.1,3:07,predawn,JLA157,1521,JLA-JAK,157,Ogle
230818,drought1,predrought,3,33,69,-0.62,3:29,predawn,JLA153,1521,JLA-JAK,153,Hultine
230818,drought1,predrought,3,33,70,-0.43,3:39,predawn,JLA158,1521,JLA-JAK,158,Hultine
230818,drought1,predrought,3,33,71,-0.5,2:30,predawn,JLA156,1521,JLA-JAK,156,Hultine
230818,drought1,predrought,3,33,72,-1.18,2:47,predawn,JLA157,1521,JLA-JAK,157,Hultine
230818,drought1,predrought,3,33,73,-0.48,3:24,predawn,JLA158,1521,JLA-JAK,158,Ogle
230818,drought1,predrought,3,33,74,-0.28,3:22,predawn,JLA156,1521,JLA-JAK,156,Ogle
230818,drought1,predrought,3,33,75,-0.43,3:36,predawn,JLA156,1521,JLA-JAK,156,Ogle
230818,drought1,predrought,3,33,76,-0.51,3:27,predawn,JLA153,1521,JLA-JAK,153,Ogle
230818,drought1,predrought,3,33,81,-0.52,3:33,predawn,JLA158,1521,JLA-JAK,158,Ogle
230818,drought1,predrought,3,33,83,-0.34,2:38,predawn,TSZ7,1219,TSZ-SAN,7,Ogle
230818,drought1,predrought,3,33,85,-0.49,3:12,predawn,CCR5,72,CCR-COL,5,Ogle
230818,drought1,predrought,3,33,90,-0.67,2:52,predawn,JLA153,1521,JLA-JAK,153,Ogle
230825,drought2,predrought,4,34,1,-1.79,14:37,midday,NRV101,666,NRV-NEW,101,Ogle
230825,drought2,predrought,4,34,2,-1.84,15:02,midday,NRV101,666,NRV-NEW,101,Hultine
230825,drought2,predrought,4,34,3,-1.7,15:18,midday,NRV101,666,NRV-NEW,101,Ogle
230825,drought2,predrought,4,34,7,-1.86,13:35,midday,NRV105,666,NRV-NEW,105,Hultine
230825,drought2,predrought,4,34,8,-1.96,14:07,midday,NRV105,666,NRV-NEW,105,Hultine
230825,drought2,predrought,4,34,9,-1.94,14:13,midday,NRV105,666,NRV-NEW,105,Ogle
230825,drought2,predrought,4,34,10,-1.79,13:34,midday,NRV118,666,NRV-NEW,118,Ogle
230825,drought2,predrought,4,34,11,-1.64,14:26,midday,NRV118,666,NRV-NEW,118,Hultine
230825,drought2,predrought,4,34,12,-1.91,14:55,midday,NRV118,666,NRV-NEW,118,Ogle
230825,drought2,predrought,4,34,16,-1.54,14:01,midday,NRV122,666,NRV-NEW,122,Hultine
230825,drought2,predrought,4,34,17,-1.66,13:51,midday,NRV122,666,NRV-NEW,122,Ogle
230825,drought2,predrought,4,34,18,-2.12,14:54,midday,NRV122,666,NRV-NEW,122,Hultine
230825,drought2,predrought,4,34,19,-2.26,15:27,midday,NRV123,666,NRV-NEW,123,Hultine
230825,drought2,predrought,4,34,20,-2.24,15:18,midday,NRV123,666,NRV-NEW,123,Hultine
230825,drought2,predrought,4,34,21,-2.26,14:32,midday,TSZ10,1219,TSZ-SAN,10,Ogle
230825,drought2,predrought,4,34,22,-2.31,16:02,midday,NRV123,666,NRV-NEW,123,Ogle
230825,drought2,predrought,4,34,29,-1.62,15:07,midday,TSZ3,1219,TSZ-SAN,3,Ogle
230825,drought2,predrought,4,34,30,-1.83,14:48,midday,TSZ3,1219,TSZ-SAN,3,Ogle
230825,drought2,predrought,4,34,31,-1.81,14:20,midday,TSZ3,1219,TSZ-SAN,3,Ogle
230825,drought2,predrought,4,34,32,-1.68,15:15,midday,TSZ4,1219,TSZ-SAN,4,Ogle
230825,drought2,predrought,4,34,33,-1.92,13:45,midday,TSZ4,1219,TSZ-SAN,4,Ogle
230825,drought2,predrought,4,34,34,-2,14:45,midday,TSZ4,1219,TSZ-SAN,4,Ogle
230825,drought2,predrought,4,34,36,-1.95,14:43,midday,TSZ7,1219,TSZ-SAN,7,Hultine
230825,drought2,predrought,4,34,37,-2.04,14:29,midday,TSZ7,1219,TSZ-SAN,7,Ogle
230825,drought2,predrought,4,34,38,-1.83,13:43,midday,TSZ8,1219,TSZ-SAN,8,Ogle
230825,drought2,predrought,4,34,39,-1.65,13:38,midday,TSZ8,1219,TSZ-SAN,8,Ogle
230825,drought2,predrought,4,34,40,-1.88,14:16,midday,TSZ8,1219,TSZ-SAN,8,Ogle
230825,drought2,predrought,4,34,41,-1.95,14:00,midday,TSZ10,1219,TSZ-SAN,10,Ogle
230825,drought2,predrought,4,34,42,-1.72,13:51,midday,TSZ10,1219,TSZ-SAN,10,Hultine
230825,drought2,predrought,4,34,43,-1.85,14:51,midday,CCR156,72,CCR-COL,156,Ogle
230825,drought2,predrought,4,34,44,-1.87,13:30,midday,CCR156,72,CCR-COL,156,Hultine
230825,drought2,predrought,4,34,45,-1.9,14:58,midday,CCR156,72,CCR-COL,156,Hultine
230825,drought2,predrought,4,34,46,-2.07,15:04,midday,CCR149,72,CCR-COL,149,Ogle
230825,drought2,predrought,4,34,47,-2.47,14:41,midday,CCR149,72,CCR-COL,149,Ogle
230825,drought2,predrought,4,34,48,-1.85,13:54,midday,CCR149,72,CCR-COL,149,Hultine
230825,drought2,predrought,4,34,49,-2.09,15:24,midday,CCR152,72,CCR-COL,152,Hultine
230825,drought2,predrought,4,34,50,-1.95,14:23,midday,CCR152,72,CCR-COL,152,Ogle
230825,drought2,predrought,4,34,51,-1.48,13:36,midday,CCR152,72,CCR-COL,152,Ogle
230825,drought2,predrought,4,34,58,-2.11,14:51,midday,CCR155,72,CCR-COL,155,Hultine
230825,drought2,predrought,4,34,59,-2.07,14:22,midday,CCR155,72,CCR-COL,155,Hultine
230825,drought2,predrought,4,34,60,-1.89,14:47,midday,CCR155,72,CCR-COL,155,Hultine
230825,drought2,predrought,4,34,61,-1.68,15:30,midday,CCR5,72,CCR-COL,5,Ogle
230825,drought2,predrought,4,34,62,-1.73,14:10,midday,JLA155,1521,JLA-JAK,155,Hultine
230825,drought2,predrought,4,34,63,-2.18,15:26,midday,CCR5,72,CCR-COL,5,Ogle
230825,drought2,predrought,4,34,64,-1.76,15:15,midday,JLA155,1521,JLA-JAK,155,Hultine
230825,drought2,predrought,4,34,66,-2.04,13:57,midday,JLA155,1521,JLA-JAK,155,Ogle
230825,drought2,predrought,4,34,67,-1.61,14:37,midday,JLA157,1521,JLA-JAK,157,Hultine
230825,drought2,predrought,4,34,68,-1.79,14:29,midday,JLA157,1521,JLA-JAK,157,Hultine
230825,drought2,predrought,4,34,69,-1.99,13:58,midday,JLA153,1521,JLA-JAK,153,Hultine
230825,drought2,predrought,4,34,70,-1.93,13:31,midday,JLA158,1521,JLA-JAK,158,Ogle
230825,drought2,predrought,4,34,71,-1.73,13:38,midday,JLA156,1521,JLA-JAK,156,Hultine
230825,drought2,predrought,4,34,72,-1.48,14:16,midday,JLA157,1521,JLA-JAK,157,Hultine
230825,drought2,predrought,4,34,73,-1.92,14:14,midday,JLA158,1521,JLA-JAK,158,Hultine
230825,drought2,predrought,4,34,74,-1.81,14:10,midday,JLA156,1521,JLA-JAK,156,Ogle
230825,drought2,predrought,4,34,75,-1.48,13:54,midday,JLA156,1521,JLA-JAK,156,Ogle
230825,drought2,predrought,4,34,76,-1.83,14:07,midday,JLA153,1521,JLA-JAK,153,Ogle
230825,drought2,predrought,4,34,81,-1.71,13:28,midday,JLA158,1521,JLA-JAK,158,Ogle
230825,drought2,predrought,4,34,83,-1.77,14:59,midday,TSZ7,1219,TSZ-SAN,7,Ogle
230825,drought2,predrought,4,34,85,-1.93,14:34,midday,CCR5,72,CCR-COL,5,Hultine
230825,drought2,predrought,4,34,90,-1.98,15:23,midday,JLA153,1521,JLA-JAK,153,Ogle
230825,drought2,predrought,4,34,1,-0.42,3:55,predawn,NRV101,666,NRV-NEW,101,Hultine
230825,drought2,predrought,4,34,2,-0.49,4:04,predawn,NRV101,666,NRV-NEW,101,Ogle
230825,drought2,predrought,4,34,3,-0.33,4:02,predawn,NRV101,666,NRV-NEW,101,Ogle
230825,drought2,predrought,4,34,7,-0.29,3:20,predawn,NRV105,666,NRV-NEW,105,Ogle
230825,drought2,predrought,4,34,8,-0.35,3:39,predawn,NRV105,666,NRV-NEW,105,Hultine
230825,drought2,predrought,4,34,9,-0.38,4:11,predawn,NRV105,666,NRV-NEW,105,Hultine
230825,drought2,predrought,4,34,10,-0.35,4:52,predawn,NRV118,666,NRV-NEW,118,Hultine
230825,drought2,predrought,4,34,11,-0.37,4:37,predawn,NRV118,666,NRV-NEW,118,Ogle
230825,drought2,predrought,4,34,12,-0.32,3:38,predawn,NRV118,666,NRV-NEW,118,Hultine
230825,drought2,predrought,4,34,16,-0.31,4:29,predawn,NRV122,666,NRV-NEW,122,Hultine
230825,drought2,predrought,4,34,17,-0.34,4:45,predawn,NRV122,666,NRV-NEW,122,Hultine
230825,drought2,predrought,4,34,18,-0.25,3:55,predawn,NRV122,666,NRV-NEW,122,Ogle
230825,drought2,predrought,4,34,19,-0.38,3:24,predawn,NRV123,666,NRV-NEW,123,Ogle
230825,drought2,predrought,4,34,20,-0.71,3:27,predawn,NRV123,666,NRV-NEW,123,Hultine
230825,drought2,predrought,4,34,21,-0.34,4:06,predawn,TSZ10,1219,TSZ-SAN,10,Ogle
230825,drought2,predrought,4,34,22,-0.34,3:57,predawn,NRV123,666,NRV-NEW,123,Hultine
230825,drought2,predrought,4,34,29,-0.43,3:42,predawn,TSZ3,1219,TSZ-SAN,3,Ogle
230825,drought2,predrought,4,34,30,-0.44,4:01,predawn,TSZ3,1219,TSZ-SAN,3,Hultine
230825,drought2,predrought,4,34,31,-0.41,4:30,predawn,TSZ3,1219,TSZ-SAN,3,Ogle
230825,drought2,predrought,4,34,32,-0.36,3:38,predawn,TSZ4,1219,TSZ-SAN,4,Ogle
230825,drought2,predrought,4,34,33,-0.51,4:48,predawn,TSZ4,1219,TSZ-SAN,4,Ogle
230825,drought2,predrought,4,34,34,-0.55,4:06,predawn,TSZ4,1219,TSZ-SAN,4,Hultine
230825,drought2,predrought,4,34,36,-0.49,4:04,predawn,TSZ7,1219,TSZ-SAN,7,Hultine
230825,drought2,predrought,4,34,37,-0.37,3:59,predawn,TSZ7,1219,TSZ-SAN,7,Hultine
230825,drought2,predrought,4,34,38,-0.31,3:19,predawn,TSZ8,1219,TSZ-SAN,8,Hultine
230825,drought2,predrought,4,34,39,-0.31,4:48,predawn,TSZ8,1219,TSZ-SAN,8,Hultine
230825,drought2,predrought,4,34,40,-0.33,4:16,predawn,TSZ8,1219,TSZ-SAN,8,Ogle
230825,drought2,predrought,4,34,41,-0.29,4:54,predawn,TSZ10,1219,TSZ-SAN,10,Ogle
230825,drought2,predrought,4,34,42,-0.42,4:35,predawn,TSZ10,1219,TSZ-SAN,10,Ogle
230825,drought2,predrought,4,34,43,-0.22,3:35,predawn,CCR156,72,CCR-COL,156,Ogle
230825,drought2,predrought,4,34,44,-0.27,4:56,predawn,CCR156,72,CCR-COL,156,Ogle
230825,drought2,predrought,4,34,45,-0.48,4:08,predawn,CCR156,72,CCR-COL,156,Hultine
230825,drought2,predrought,4,34,46,-0.3,3:41,predawn,CCR149,72,CCR-COL,149,Hultine
230825,drought2,predrought,4,34,47,-0.32,4:17,predawn,CCR149,72,CCR-COL,149,Hultine
230825,drought2,predrought,4,34,48,-0.57,4:33,predawn,CCR149,72,CCR-COL,149,Ogle
230825,drought2,predrought,4,34,49,-0.44,3:27,predawn,CCR152,72,CCR-COL,152,Ogle
230825,drought2,predrought,4,34,50,-0.36,4:32,predawn,CCR152,72,CCR-COL,152,Ogle
230825,drought2,predrought,4,34,51,-0.28,4:54,predawn,CCR152,72,CCR-COL,152,Hultine
230825,drought2,predrought,4,34,58,-0.45,4:15,predawn,CCR155,72,CCR-COL,155,Hultine
230825,drought2,predrought,4,34,59,-0.2,4:39,predawn,CCR155,72,CCR-COL,155,Ogle
230825,drought2,predrought,4,34,60,-0.31,4:12,predawn,CCR155,72,CCR-COL,155,Hultine
230825,drought2,predrought,4,34,61,-0.36,4:39,predawn,CCR5,72,CCR-COL,5,Hultine
230825,drought2,predrought,4,34,62,-0.41,3:23,predawn,JLA155,1521,JLA-JAK,155,Ogle
230825,drought2,predrought,4,34,63,-0.36,3:21,predawn,CCR5,72,CCR-COL,5,Hultine
230825,drought2,predrought,4,34,64,-0.84,3:25,predawn,JLA155,1521,JLA-JAK,155,Hultine
230825,drought2,predrought,4,34,66,-0.62,4:52,predawn,JLA155,1521,JLA-JAK,155,Ogle
230825,drought2,predrought,4,34,67,-0.52,4:17,predawn,JLA157,1521,JLA-JAK,157,Ogle
230825,drought2,predrought,4,34,68,-0.68,4:12,predawn,JLA157,1521,JLA-JAK,157,Ogle
230825,drought2,predrought,4,34,69,-0.35,4:32,predawn,JLA153,1521,JLA-JAK,153,Hultine
230825,drought2,predrought,4,34,70,-0.41,4:56,predawn,JLA158,1521,JLA-JAK,158,Hultine
230825,drought2,predrought,4,34,71,-0.46,3:18,predawn,JLA156,1521,JLA-JAK,156,Ogle
230825,drought2,predrought,4,34,72,-0.68,3:40,predawn,JLA157,1521,JLA-JAK,157,Ogle
230825,drought2,predrought,4,34,73,-0.46,4:35,predawn,JLA158,1521,JLA-JAK,158,Hultine
230825,drought2,predrought,4,34,74,-0.63,4:37,predawn,JLA156,1521,JLA-JAK,156,Hultine
230825,drought2,predrought,4,34,75,-0.35,4:50,predawn,JLA156,1521,JLA-JAK,156,Ogle
230825,drought2,predrought,4,34,76,-0.34,4:31,predawn,JLA153,1521,JLA-JAK,153,Hultine
230825,drought2,predrought,4,34,81,-0.49,4:51,predawn,JLA158,1521,JLA-JAK,158,Hultine
230825,drought2,predrought,4,34,83,-0.37,3:36,predawn,TSZ7,1219,TSZ-SAN,7,Hultine
230825,drought2,predrought,4,34,85,-0.36,4:14,predawn,CCR5,72,CCR-COL,5,Ogle
230825,drought2,predrought,4,34,90,-0.38,3:57,predawn,JLA153,1521,JLA-JAK,153,Ogle
230828,drought3,drought,5,35,63,-1.75,13:25,midday,CCR5,72,CCR-COL,5,Hultine
230828,drought3,drought,5,35,38,-2.08,13:27,midday,TSZ8,1219,TSZ-SAN,8,Hultine
230828,drought3,drought,5,35,62,-2.12,13:34,midday,JLA155,1521,JLA-JAK,155,Hultine
230828,drought3,drought,5,35,71,-1.55,13:36,midday,JLA156,1521,JLA-JAK,156,Hultine
230828,drought3,drought,5,35,7,-2.24,13:39,midday,NRV105,666,NRV-NEW,105,Hultine
230828,drought3,drought,5,35,46,-2.12,13:42,midday,CCR149,72,CCR-COL,149,Hultine
230828,drought3,drought,5,35,12,-2.24,13:44,midday,NRV118,666,NRV-NEW,118,Hultine
230828,drought3,drought,5,35,83,-2.16,13:47,midday,TSZ7,1219,TSZ-SAN,7,Hultine
230828,drought3,drought,5,35,59,-1.89,13:50,midday,CCR155,72,CCR-COL,155,Hultine
230828,drought3,drought,5,35,72,-2.26,13:52,midday,JLA157,1521,JLA-JAK,157,Hultine
230828,drought3,drought,5,35,21,-2.07,13:54,midday,TSZ10,1219,TSZ-SAN,10,Hultine
230828,drought3,drought,5,35,90,-2.2,13:57,midday,JLA153,1521,JLA-JAK,153,Hultine
230828,drought3,drought,5,35,3,-1.86,13:59,midday,NRV101,666,NRV-NEW,101,Hultine
230828,drought3,drought,5,35,18,-1.85,14:01,midday,NRV122,666,NRV-NEW,122,Hultine
230828,drought3,drought,5,35,2,-1.82,14:03,midday,NRV101,666,NRV-NEW,101,Hultine
230828,drought3,drought,5,35,58,-1.98,14:06,midday,CCR155,72,CCR-COL,155,Hultine
230828,drought3,drought,5,35,9,-2.34,14:08,midday,NRV105,666,NRV-NEW,105,Hultine
230828,drought3,drought,5,35,40,-2.43,14:11,midday,TSZ8,1219,TSZ-SAN,8,Hultine
230828,drought3,drought,5,35,31,-2.23,14:14,midday,TSZ3,1219,TSZ-SAN,3,Hultine
230828,drought3,drought,5,35,50,-2.03,14:16,midday,CCR152,72,CCR-COL,152,Hultine
230828,drought3,drought,5,35,33,-2.41,14:19,midday,TSZ4,1219,TSZ-SAN,4,Hultine
230828,drought3,drought,5,35,74,-1.97,14:22,midday,JLA156,1521,JLA-JAK,156,Hultine
230828,drought3,drought,5,35,73,-1.93,14:24,midday,JLA158,1521,JLA-JAK,158,Hultine
230828,drought3,drought,5,35,17,-2.29,15:00,midday,NRV122,666,NRV-NEW,122,Ogle
230828,drought3,drought,5,35,16,-2.03,14:32,midday,NRV122,666,NRV-NEW,122,Hultine
230828,drought3,drought,5,35,10,-2.53,14:34,midday,NRV118,666,NRV-NEW,118,Hultine
230828,drought3,drought,5,35,70,-2.06,14:36,midday,JLA158,1521,JLA-JAK,158,Hultine
230828,drought3,drought,5,35,81,-2.16,14:38,midday,JLA158,1521,JLA-JAK,158,Hultine
230828,drought3,drought,5,35,39,-2.93,14:42,midday,TSZ8,1219,TSZ-SAN,8,Hultine
230828,drought3,drought,5,35,41,-2.4,14:53,midday,TSZ10,1219,TSZ-SAN,10,Ogle
230828,drought3,drought,5,35,49,-1.77,13:25,midday,CCR152,72,CCR-COL,152,Ogle
230828,drought3,drought,5,35,20,-2.26,13:29,midday,NRV123,666,NRV-NEW,123,Ogle
230828,drought3,drought,5,35,8,-1.73,13:34,midday,NRV105,666,NRV-NEW,105,Ogle
230828,drought3,drought,5,35,64,-2.25,13:37,midday,JLA155,1521,JLA-JAK,155,Ogle
230828,drought3,drought,5,35,19,-1.73,13:39,midday,NRV123,666,NRV-NEW,123,Ogle
230828,drought3,drought,5,35,45,-1.73,13:41,midday,CCR156,72,CCR-COL,156,Ogle
230828,drought3,drought,5,35,22,-2.37,13:44,midday,NRV123,666,NRV-NEW,123,Ogle
230828,drought3,drought,5,35,32,-2.49,13:48,midday,TSZ4,1219,TSZ-SAN,4,Ogle
230828,drought3,drought,5,35,29,-2.54,13:51,midday,TSZ3,1219,TSZ-SAN,3,Ogle
230828,drought3,drought,5,35,43,-2.05,13:53,midday,CCR156,72,CCR-COL,156,Ogle
230828,drought3,drought,5,35,36,-2.04,13:57,midday,TSZ7,1219,TSZ-SAN,7,Ogle
230828,drought3,drought,5,35,30,-2.35,14:00,midday,TSZ3,1219,TSZ-SAN,3,Ogle
230828,drought3,drought,5,35,34,-2.45,14:02,midday,TSZ4,1219,TSZ-SAN,4,Ogle
230828,drought3,drought,5,35,1,-2.08,14:05,midday,NRV101,666,NRV-NEW,101,Ogle
230828,drought3,drought,5,35,37,-2.06,14:07,midday,TSZ7,1219,TSZ-SAN,7,Ogle
230828,drought3,drought,5,35,47,-1.86,14:11,midday,CCR149,72,CCR-COL,149,Ogle
230828,drought3,drought,5,35,68,-2.52,14:15,midday,JLA157,1521,JLA-JAK,157,Ogle
230828,drought3,drought,5,35,60,-2,14:17,midday,CCR155,72,CCR-COL,155,Ogle
230828,drought3,drought,5,35,85,-2.36,14:20,midday,CCR5,72,CCR-COL,5,Ogle
230828,drought3,drought,5,35,67,-2.1,14:23,midday,JLA157,1521,JLA-JAK,157,Ogle
230828,drought3,drought,5,35,11,-2.62,14:25,midday,NRV118,666,NRV-NEW,118,Ogle
230828,drought3,drought,5,35,42,-1.86,14:27,midday,TSZ10,1219,TSZ-SAN,10,Ogle
230828,drought3,drought,5,35,61,-2.01,14:29,midday,CCR5,72,CCR-COL,5,Ogle
230828,drought3,drought,5,35,69,-1.84,14:32,midday,JLA153,1521,JLA-JAK,153,Ogle
230828,drought3,drought,5,35,48,-2.09,14:34,midday,CCR149,72,CCR-COL,149,Ogle
230828,drought3,drought,5,35,51,-2.2,14:37,midday,CCR152,72,CCR-COL,152,Ogle
230828,drought3,drought,5,35,44,-2.46,14:40,midday,CCR156,72,CCR-COL,156,Ogle
230828,drought3,drought,5,35,75,-2.14,14:42,midday,JLA156,1521,JLA-JAK,156,Ogle
230828,drought3,drought,5,35,66,-2.23,14:45,midday,JLA155,1521,JLA-JAK,155,Ogle
230828,drought3,drought,5,35,76,-2.14,14:48,midday,JLA153,1521,JLA-JAK,153,Ogle
230829,drought3,drought,5,35,8,-0.96,3:38,predawn,NRV105,666,NRV-NEW,105,Hultine
230829,drought3,drought,5,35,38,-0.88,3:40,predawn,TSZ8,1219,TSZ-SAN,8,Hultine
230829,drought3,drought,5,35,62,-0.71,3:43,predawn,JLA155,1521,JLA-JAK,155,Hultine
230829,drought3,drought,5,35,71,-0.68,3:45,predawn,JLA156,1521,JLA-JAK,156,Hultine
230829,drought3,drought,5,35,7,-1.28,3:49,predawn,NRV105,666,NRV-NEW,105,Hultine
230829,drought3,drought,5,35,74,-1,3:53,predawn,JLA156,1521,JLA-JAK,156,Hultine
230829,drought3,drought,5,35,73,-0.96,3:55,predawn,JLA158,1521,JLA-JAK,158,Hultine
230829,drought3,drought,5,35,76,-0.89,3:57,predawn,JLA153,1521,JLA-JAK,153,Hultine
230829,drought3,drought,5,35,48,-1.1,3:59,predawn,CCR149,72,CCR-COL,149,Hultine
230829,drought3,drought,5,35,69,-0.56,4:02,predawn,JLA153,1521,JLA-JAK,153,Hultine
230829,drought3,drought,5,35,20,-0.85,4:12,predawn,NRV123,666,NRV-NEW,123,Hultine
230829,drought3,drought,5,35,43,-0.68,4:15,predawn,CCR156,72,CCR-COL,156,Hultine
230829,drought3,drought,5,35,64,-0.55,4:17,predawn,JLA155,1521,JLA-JAK,155,Hultine
230829,drought3,drought,5,35,63,-0.66,4:19,predawn,CCR5,72,CCR-COL,5,Hultine
230829,drought3,drought,5,35,49,-0.72,4:21,predawn,CCR152,72,CCR-COL,152,Hultine
230829,drought3,drought,5,35,12,-1.27,4:23,predawn,NRV118,666,NRV-NEW,118,Hultine
230829,drought3,drought,5,35,90,-1.1,4:31,predawn,JLA153,1521,JLA-JAK,153,Hultine
230829,drought3,drought,5,35,17,-1,4:33,predawn,NRV122,666,NRV-NEW,122,Hultine
230829,drought3,drought,5,35,3,-0.67,4:35,predawn,NRV101,666,NRV-NEW,101,Hultine
230829,drought3,drought,5,35,18,-0.97,4:38,predawn,NRV122,666,NRV-NEW,122,Hultine
230829,drought3,drought,5,35,2,-0.72,4:40,predawn,NRV101,666,NRV-NEW,101,Hultine
230829,drought3,drought,5,35,45,-0.57,4:42,predawn,CCR156,72,CCR-COL,156,Hultine
230829,drought3,drought,5,35,34,-0.62,4:47,predawn,TSZ4,1219,TSZ-SAN,4,Hultine
230829,drought3,drought,5,35,30,-1,4:50,predawn,TSZ3,1219,TSZ-SAN,3,Hultine
230829,drought3,drought,5,35,36,-0.67,4:52,predawn,TSZ7,1219,TSZ-SAN,7,Hultine
230829,drought3,drought,5,35,21,-0.83,4:55,predawn,TSZ10,1219,TSZ-SAN,10,Hultine
230829,drought3,drought,5,35,31,-1,4:47,predawn,TSZ3,1219,TSZ-SAN,3,Hultine
230829,drought3,drought,5,35,68,-1.8,5:01,predawn,JLA157,1521,JLA-JAK,157,Hultine
230829,drought3,drought,5,35,47,-0.83,5:03,predawn,CCR149,72,CCR-COL,149,Hultine
230829,drought3,drought,5,35,58,-0.82,5:06,predawn,CCR155,72,CCR-COL,155,Hultine
230829,drought3,drought,5,35,39,-0.57,3:37,predawn,TSZ8,1219,TSZ-SAN,8,Ogle
230829,drought3,drought,5,35,81,-1.15,3:41,predawn,JLA158,1521,JLA-JAK,158,Ogle
230829,drought3,drought,5,35,70,-1.06,3:44,predawn,JLA158,1521,JLA-JAK,158,Ogle
230829,drought3,drought,5,35,51,-0.5,3:46,predawn,CCR152,72,CCR-COL,152,Ogle
230829,drought3,drought,5,35,10,-1.25,3:50,predawn,NRV118,666,NRV-NEW,118,Ogle
230829,drought3,drought,5,35,44,-0.57,3:51,predawn,CCR156,72,CCR-COL,156,Ogle
230829,drought3,drought,5,35,72,-1.74,3:55,predawn,JLA157,1521,JLA-JAK,157,Ogle
230829,drought3,drought,5,35,59,-0.73,3:57,predawn,CCR155,72,CCR-COL,155,Ogle
230829,drought3,drought,5,35,16,-0.89,3:59,predawn,NRV122,666,NRV-NEW,122,Ogle
230829,drought3,drought,5,35,42,-1.54,4:03,predawn,TSZ10,1219,TSZ-SAN,10,Ogle
230829,drought3,drought,5,35,61,-0.5,4:04,predawn,CCR5,72,CCR-COL,5,Ogle
230829,drought3,drought,5,35,19,-1.37,4:14,predawn,NRV123,666,NRV-NEW,123,Ogle
230829,drought3,drought,5,35,29,-1.49,4:17,predawn,TSZ3,1219,TSZ-SAN,3,Ogle
230829,drought3,drought,5,35,46,-0.76,4:19,predawn,CCR149,72,CCR-COL,149,Ogle
230829,drought3,drought,5,35,32,-0.91,4:21,predawn,TSZ4,1219,TSZ-SAN,4,Ogle
230829,drought3,drought,5,35,83,-0.54,4:23,predawn,TSZ7,1219,TSZ-SAN,7,Ogle
230829,drought3,drought,5,35,41,-0.97,4:30,predawn,TSZ10,1219,TSZ-SAN,10,Ogle
230829,drought3,drought,5,35,66,-0.85,4:32,predawn,JLA155,1521,JLA-JAK,155,Ogle
230829,drought3,drought,5,35,75,-1.3,4:35,predawn,JLA156,1521,JLA-JAK,156,Ogle
230829,drought3,drought,5,35,33,-0.99,4:38,predawn,TSZ4,1219,TSZ-SAN,4,Ogle
230829,drought3,drought,5,35,22,-1.19,4:41,predawn,NRV123,666,NRV-NEW,123,Ogle
230829,drought3,drought,5,35,50,-0.74,4:47,predawn,CCR152,72,CCR-COL,152,Ogle
230829,drought3,drought,5,35,9,-0.9,4:49,predawn,NRV105,666,NRV-NEW,105,Ogle
230829,drought3,drought,5,35,40,-0.73,4:51,predawn,TSZ8,1219,TSZ-SAN,8,Ogle
230829,drought3,drought,5,35,1,-0.42,4:52,predawn,NRV101,666,NRV-NEW,101,Ogle
230829,drought3,drought,5,35,11,-0.61,4:54,predawn,NRV118,666,NRV-NEW,118,Ogle
230829,drought3,drought,5,35,37,-0.67,4:56,predawn,TSZ7,1219,TSZ-SAN,7,Ogle
230829,drought3,drought,5,35,67,-0.99,5:00,predawn,JLA157,1521,JLA-JAK,157,Ogle
230829,drought3,drought,5,35,85,-1,5:02,predawn,CCR5,72,CCR-COL,5,Ogle
230829,drought3,drought,5,35,60,-0.64,5:04,predawn,CCR155,72,CCR-COL,155,Ogle
230908,postdrought1,postdrought,6,36,70,-0.45,3:25,predawn,JLA158,1521,JLA-JAK,158,Hultine
230908,postdrought1,postdrought,6,36,75,-0.53,3:28,predawn,JLA156,1521,JLA-JAK,156,Hultine
230908,postdrought1,postdrought,6,36,66,-0.44,3:30,predawn,JLA155,1521,JLA-JAK,155,Hultine
230908,postdrought1,postdrought,6,36,41,-0.42,3:32,predawn,TSZ10,1219,TSZ-SAN,10,Hultine
230908,postdrought1,postdrought,6,36,51,-0.4,3:34,predawn,CCR152,72,CCR-COL,152,Hultine
230908,postdrought1,postdrought,6,36,31,-0.52,3:42,predawn,TSZ3,1219,TSZ-SAN,3,Hultine
230908,postdrought1,postdrought,6,36,11,-0.36,3:44,predawn,NRV118,666,NRV-NEW,118,Hultine
230908,postdrought1,postdrought,6,36,9,-0.56,3:46,predawn,NRV105,666,NRV-NEW,105,Hultine
230908,postdrought1,postdrought,6,36,76,-0.58,3:49,predawn,JLA153,1521,JLA-JAK,153,Hultine
230908,postdrought1,postdrought,6,36,48,-0.32,3:50,predawn,CCR149,72,CCR-COL,149,Hultine
230908,postdrought1,postdrought,6,36,74,-0.68,3:52,predawn,JLA156,1521,JLA-JAK,156,Hultine
230908,postdrought1,postdrought,6,36,73,-0.48,3:55,predawn,JLA158,1521,JLA-JAK,158,Hultine
230908,postdrought1,postdrought,6,36,37,-0.71,4:02,predawn,TSZ7,1219,TSZ-SAN,7,Hultine
230908,postdrought1,postdrought,6,36,85,-0.38,4:04,predawn,CCR5,72,CCR-COL,5,Hultine
230908,postdrought1,postdrought,6,36,30,-0.86,4:06,predawn,TSZ3,1219,TSZ-SAN,3,Hultine
230908,postdrought1,postdrought,6,36,1,-0.26,4:08,predawn,NRV101,666,NRV-NEW,101,Hultine
230908,postdrought1,postdrought,6,36,34,-0.38,4:10,predawn,TSZ4,1219,TSZ-SAN,4,Hultine
230908,postdrought1,postdrought,6,36,36,-0.41,4:11,predawn,TSZ7,1219,TSZ-SAN,7,Hultine
230908,postdrought1,postdrought,6,36,2,-1.3,4:21,predawn,NRV101,666,NRV-NEW,101,Hultine
230908,postdrought1,postdrought,6,36,22,-0.92,4:24,predawn,NRV123,666,NRV-NEW,123,Hultine
230908,postdrought1,postdrought,6,36,3,-1.11,4:26,predawn,NRV101,666,NRV-NEW,101,Hultine
230908,postdrought1,postdrought,6,36,90,-1.06,4:29,predawn,JLA153,1521,JLA-JAK,153,Hultine
230908,postdrought1,postdrought,6,36,45,-0.34,4:30,predawn,CCR156,72,CCR-COL,156,Hultine
230908,postdrought1,postdrought,6,36,12,-0.47,4:32,predawn,NRV118,666,NRV-NEW,118,Hultine
230908,postdrought1,postdrought,6,36,64,-1.17,4:35,predawn,JLA155,1521,JLA-JAK,155,Hultine
230908,postdrought1,postdrought,6,36,72,-1.19,4:37,predawn,JLA157,1521,JLA-JAK,157,Hultine
230908,postdrought1,postdrought,6,36,38,-1.28,4:40,predawn,TSZ8,1219,TSZ-SAN,8,Hultine
230908,postdrought1,postdrought,6,36,59,-0.53,4:41,predawn,CCR155,72,CCR-COL,155,Hultine
230908,postdrought1,postdrought,6,36,49,-0.62,4:43,predawn,CCR152,72,CCR-COL,152,Hultine
230908,postdrought1,postdrought,6,36,8,-1.2,4:46,predawn,NRV105,666,NRV-NEW,105,Hultine
230908,postdrought1,postdrought,6,36,17,-0.26,3:24,predawn,NRV122,666,NRV-NEW,122,Ogle
230908,postdrought1,postdrought,6,36,44,-0.29,3:26,predawn,CCR156,72,CCR-COL,156,Ogle
230908,postdrought1,postdrought,6,36,10,-0.26,3:28,predawn,NRV118,666,NRV-NEW,118,Ogle
230908,postdrought1,postdrought,6,36,81,-0.42,3:33,predawn,JLA158,1521,JLA-JAK,158,Ogle
230908,postdrought1,postdrought,6,36,39,-0.6,3:36,predawn,TSZ8,1219,TSZ-SAN,8,Ogle
230908,postdrought1,postdrought,6,36,16,-0.27,3:41,predawn,NRV122,666,NRV-NEW,122,Ogle
230908,postdrought1,postdrought,6,36,42,-0.3,3:43,predawn,TSZ10,1219,TSZ-SAN,10,Ogle
230908,postdrought1,postdrought,6,36,69,-0.33,3:45,predawn,JLA153,1521,JLA-JAK,153,Ogle
230908,postdrought1,postdrought,6,36,61,-0.24,3:46,predawn,CCR5,72,CCR-COL,5,Ogle
230908,postdrought1,postdrought,6,36,40,-0.39,3:48,predawn,TSZ8,1219,TSZ-SAN,8,Ogle
230908,postdrought1,postdrought,6,36,50,-0.34,3:50,predawn,CCR152,72,CCR-COL,152,Ogle
230908,postdrought1,postdrought,6,36,33,-0.52,4:01,predawn,TSZ4,1219,TSZ-SAN,4,Ogle
230908,postdrought1,postdrought,6,36,58,-0.4,4:03,predawn,CCR155,72,CCR-COL,155,Ogle
230908,postdrought1,postdrought,6,36,68,-0.84,4:05,predawn,JLA157,1521,JLA-JAK,157,Ogle
230908,postdrought1,postdrought,6,36,47,-0.28,4:07,predawn,CCR149,72,CCR-COL,149,Ogle
230908,postdrought1,postdrought,6,36,21,-0.59,4:09,predawn,TSZ10,1219,TSZ-SAN,10,Ogle
230908,postdrought1,postdrought,6,36,60,-0.25,4:10,predawn,CCR155,72,CCR-COL,155,Ogle
230908,postdrought1,postdrought,6,36,67,-0.73,4:13,predawn,JLA157,1521,JLA-JAK,157,Ogle
230908,postdrought1,postdrought,6,36,43,-0.69,4:18,predawn,CCR156,72,CCR-COL,156,Ogle
230908,postdrought1,postdrought,6,36,18,-0.88,4:21,predawn,NRV122,666,NRV-NEW,122,Ogle
230908,postdrought1,postdrought,6,36,83,-1.08,4:24,predawn,TSZ7,1219,TSZ-SAN,7,Ogle
230908,postdrought1,postdrought,6,36,29,-0.74,4:26,predawn,TSZ3,1219,TSZ-SAN,3,Ogle
230908,postdrought1,postdrought,6,36,46,-0.44,4:27,predawn,CCR149,72,CCR-COL,149,Ogle
230908,postdrought1,postdrought,6,36,32,-0.86,4:30,predawn,TSZ4,1219,TSZ-SAN,4,Ogle
230908,postdrought1,postdrought,6,36,63,-1.11,4:34,predawn,CCR5,72,CCR-COL,5,Ogle
230908,postdrought1,postdrought,6,36,20,-1.21,4:37,predawn,NRV123,666,NRV-NEW,123,Ogle
230908,postdrought1,postdrought,6,36,19,-0.86,4:39,predawn,NRV123,666,NRV-NEW,123,Ogle
230908,postdrought1,postdrought,6,36,7,-1.32,4:42,predawn,NRV105,666,NRV-NEW,105,Ogle
230908,postdrought1,postdrought,6,36,71,-0.45,4:44,predawn,JLA156,1521,JLA-JAK,156,Ogle
230908,postdrought1,postdrought,6,36,62,-1.21,4:46,predawn,JLA155,1521,JLA-JAK,155,Ogle
230908,postdrought1,postdrought,6,36,17,-2.09,13:23,midday,NRV122,666,NRV-NEW,122,Hultine
230908,postdrought1,postdrought,6,36,70,-1.75,13:25,midday,JLA158,1521,JLA-JAK,158,Hultine
230908,postdrought1,postdrought,6,36,81,-2.09,13:28,midday,JLA158,1521,JLA-JAK,158,Hultine
230908,postdrought1,postdrought,6,36,10,-1.83,13:30,midday,NRV118,666,NRV-NEW,118,Hultine
230908,postdrought1,postdrought,6,36,39,-1.94,13:33,midday,TSZ8,1219,TSZ-SAN,8,Hultine
230908,postdrought1,postdrought,6,36,42,-1.82,13:25,midday,TSZ10,1219,TSZ-SAN,10,Hultine
230908,postdrought1,postdrought,6,36,33,-1.95,13:38,midday,TSZ4,1219,TSZ-SAN,4,Hultine
230908,postdrought1,postdrought,6,36,61,-1.92,13:40,midday,CCR5,72,CCR-COL,5,Hultine
230908,postdrought1,postdrought,6,36,69,-1.6,13:42,midday,JLA153,1521,JLA-JAK,153,Hultine
230908,postdrought1,postdrought,6,36,76,-1.77,13:44,midday,JLA153,1521,JLA-JAK,153,Hultine
230908,postdrought1,postdrought,6,36,47,-2.39,13:53,midday,CCR149,72,CCR-COL,149,Hultine
230908,postdrought1,postdrought,6,36,67,-1.98,13:56,midday,JLA157,1521,JLA-JAK,157,Hultine
230908,postdrought1,postdrought,6,36,85,-1.92,13:57,midday,CCR5,72,CCR-COL,5,Hultine
230908,postdrought1,postdrought,6,36,60,-2.03,14:00,midday,CCR155,72,CCR-COL,155,Hultine
230908,postdrought1,postdrought,6,36,68,-2.26,14:04,midday,JLA157,1521,JLA-JAK,157,Hultine
230908,postdrought1,postdrought,6,36,20,-1.88,14:08,midday,NRV123,666,NRV-NEW,123,Hultine
230908,postdrought1,postdrought,6,36,62,-2.71,14:12,midday,JLA155,1521,JLA-JAK,155,Hultine
230908,postdrought1,postdrought,6,36,7,-1.82,14:14,midday,NRV105,666,NRV-NEW,105,Hultine
230908,postdrought1,postdrought,6,36,19,-2.43,14:18,midday,NRV123,666,NRV-NEW,123,Hultine
230908,postdrought1,postdrought,6,36,38,-2.13,14:21,midday,TSZ8,1219,TSZ-SAN,8,Hultine
230908,postdrought1,postdrought,6,36,72,-2.08,14:24,midday,JLA157,1521,JLA-JAK,157,Hultine
230908,postdrought1,postdrought,6,36,32,-2.06,14:26,midday,TSZ4,1219,TSZ-SAN,4,Hultine
230908,postdrought1,postdrought,6,36,29,-2.06,14:28,midday,TSZ3,1219,TSZ-SAN,3,Hultine
230908,postdrought1,postdrought,6,36,46,-1.92,14:30,midday,CCR149,72,CCR-COL,149,Hultine
230908,postdrought1,postdrought,6,36,12,-1.91,14:34,midday,NRV118,666,NRV-NEW,118,Hultine
230908,postdrought1,postdrought,6,36,18,-1.99,14:35,midday,NRV122,666,NRV-NEW,122,Hultine
230908,postdrought1,postdrought,6,36,37,-2.1,14:38,midday,TSZ7,1219,TSZ-SAN,7,Hultine
230908,postdrought1,postdrought,6,36,21,-2.32,14:40,midday,TSZ10,1219,TSZ-SAN,10,Hultine
230908,postdrought1,postdrought,6,36,90,-2.11,14:43,midday,JLA153,1521,JLA-JAK,153,Hultine
230908,postdrought1,postdrought,6,36,3,-2.37,14:46,midday,NRV101,666,NRV-NEW,101,Hultine
230908,postdrought1,postdrought,6,36,75,-1.72,13:22,midday,JLA156,1521,JLA-JAK,156,Ogle
230908,postdrought1,postdrought,6,36,66,-2.21,13:24,midday,JLA155,1521,JLA-JAK,155,Ogle
230908,postdrought1,postdrought,6,36,41,-2.31,13:27,midday,TSZ10,1219,TSZ-SAN,10,Ogle
230908,postdrought1,postdrought,6,36,44,-2.01,13:29,midday,CCR156,72,CCR-COL,156,Ogle
230908,postdrought1,postdrought,6,36,51,-2.52,14:37,midday,CCR152,72,CCR-COL,152,Ogle
230908,postdrought1,postdrought,6,36,16,-1.65,13:36,midday,NRV122,666,NRV-NEW,122,Ogle
230908,postdrought1,postdrought,6,36,48,-2.55,13:39,midday,CCR149,72,CCR-COL,149,Ogle
230908,postdrought1,postdrought,6,36,73,-1.73,13:40,midday,JLA158,1521,JLA-JAK,158,Ogle
230908,postdrought1,postdrought,6,36,74,-1.58,13:41,midday,JLA156,1521,JLA-JAK,156,Ogle
230908,postdrought1,postdrought,6,36,11,-1.71,13:43,midday,NRV118,666,NRV-NEW,118,Ogle
230908,postdrought1,postdrought,6,36,50,-2.48,13:52,midday,CCR152,72,CCR-COL,152,Ogle
230908,postdrought1,postdrought,6,36,58,-2.41,13:55,midday,CCR155,72,CCR-COL,155,Ogle
230908,postdrought1,postdrought,6,36,40,-1.94,13:57,midday,TSZ8,1219,TSZ-SAN,8,Ogle
230908,postdrought1,postdrought,6,36,31,-2.13,13:59,midday,TSZ3,1219,TSZ-SAN,3,Ogle
230908,postdrought1,postdrought,6,36,9,-2.61,14:02,midday,NRV105,666,NRV-NEW,105,Ogle
230908,postdrought1,postdrought,6,36,64,-1.79,14:08,midday,JLA155,1521,JLA-JAK,155,Ogle
230908,postdrought1,postdrought,6,36,71,-1.85,14:11,midday,JLA156,1521,JLA-JAK,156,Ogle
230908,postdrought1,postdrought,6,36,49,-2.54,14:14,midday,CCR152,72,CCR-COL,152,Ogle
230908,postdrought1,postdrought,6,36,63,-2.11,14:17,midday,CCR5,72,CCR-COL,5,Ogle
230908,postdrought1,postdrought,6,36,59,-2.22,14:20,midday,CCR155,72,CCR-COL,155,Ogle
230908,postdrought1,postdrought,6,36,8,-2.1,14:22,midday,NRV105,666,NRV-NEW,105,Ogle
230908,postdrought1,postdrought,6,36,43,-2.51,14:24,midday,CCR156,72,CCR-COL,156,Ogle
230908,postdrought1,postdrought,6,36,22,-1.96,14:26,midday,NRV123,666,NRV-NEW,123,Ogle
230908,postdrought1,postdrought,6,36,45,-1.78,14:28,midday,CCR156,72,CCR-COL,156,Ogle
230908,postdrought1,postdrought,6,36,2,-2.2,14:30,midday,NRV101,666,NRV-NEW,101,Ogle
230908,postdrought1,postdrought,6,36,83,-2.33,14:33,midday,TSZ7,1219,TSZ-SAN,7,Ogle
230908,postdrought1,postdrought,6,36,36,-2.19,14:39,midday,TSZ7,1219,TSZ-SAN,7,Ogle
230908,postdrought1,postdrought,6,36,34,-1.82,14:41,midday,TSZ4,1219,TSZ-SAN,4,Ogle
230908,postdrought1,postdrought,6,36,30,-2.41,14:43,midday,TSZ3,1219,TSZ-SAN,3,Ogle
230908,postdrought1,postdrought,6,36,1,-2.3,14:45,midday,NRV101,666,NRV-NEW,101,Ogle
230922,postdrought2,postdrought,7,38,1,-2.34,14:24,midday,NRV101,666,NRV-NEW,101,Hultine
230922,postdrought2,postdrought,7,38,2,-2.02,14:25,midday,NRV101,666,NRV-NEW,101,Ogle
230922,postdrought2,postdrought,7,38,3,-2.02,14:30,midday,NRV101,666,NRV-NEW,101,Ogle
230922,postdrought2,postdrought,7,38,7,-1.69,14:46,midday,NRV105,666,NRV-NEW,105,Ogle
230922,postdrought2,postdrought,7,38,8,-1.94,14:42,midday,NRV105,666,NRV-NEW,105,Hultine
230922,postdrought2,postdrought,7,38,9,-1.89,14:00,midday,NRV105,666,NRV-NEW,105,Ogle
230922,postdrought2,postdrought,7,38,10,-1.98,13:35,midday,NRV118,666,NRV-NEW,118,Hultine
230922,postdrought2,postdrought,7,38,11,-2.21,14:11,midday,NRV118,666,NRV-NEW,118,Hultine
230922,postdrought2,postdrought,7,38,12,-2.18,14:52,midday,NRV118,666,NRV-NEW,118,Hultine
230922,postdrought2,postdrought,7,38,16,-1.67,13:44,midday,NRV122,666,NRV-NEW,122,Hultine
230922,postdrought2,postdrought,7,38,17,-1.84,13:32,midday,NRV122,666,NRV-NEW,122,Ogle
230922,postdrought2,postdrought,7,38,18,-2.12,14:28,midday,NRV122,666,NRV-NEW,122,Ogle
230922,postdrought2,postdrought,7,38,19,-1.79,14:46,midday,NRV123,666,NRV-NEW,123,Hultine
230922,postdrought2,postdrought,7,38,20,-1.67,14:37,midday,NRV123,666,NRV-NEW,123,Hultine
230922,postdrought2,postdrought,7,38,21,-2.22,14:19,midday,TSZ10,1219,TSZ-SAN,10,Hultine
230922,postdrought2,postdrought,7,38,22,-1.87,14:18,midday,NRV123,666,NRV-NEW,123,Ogle
230922,postdrought2,postdrought,7,38,29,-2.12,14:51,midday,TSZ3,1219,TSZ-SAN,3,Ogle
230922,postdrought2,postdrought,7,38,30,-1.78,14:29,midday,TSZ3,1219,TSZ-SAN,3,Hultine
230922,postdrought2,postdrought,7,38,31,-1.82,14:10,midday,TSZ3,1219,TSZ-SAN,3,Ogle
230922,postdrought2,postdrought,7,38,32,-1.56,14:53,midday,TSZ4,1219,TSZ-SAN,4,Ogle
230922,postdrought2,postdrought,7,38,33,-2.23,13:30,midday,TSZ4,1219,TSZ-SAN,4,Ogle
230922,postdrought2,postdrought,7,38,34,-2.08,14:27,midday,TSZ4,1219,TSZ-SAN,4,Hultine
230922,postdrought2,postdrought,7,38,36,-1.9,14:32,midday,TSZ7,1219,TSZ-SAN,7,Hultine
230922,postdrought2,postdrought,7,38,37,-2.15,14:21,midday,TSZ7,1219,TSZ-SAN,7,Hultine
230922,postdrought2,postdrought,7,38,38,-1.73,14:45,midday,TSZ8,1219,TSZ-SAN,8,Hultine
230922,postdrought2,postdrought,7,38,39,-1.87,13:30,midday,TSZ8,1219,TSZ-SAN,8,Hultine
230922,postdrought2,postdrought,7,38,40,-1.78,14:04,midday,TSZ8,1219,TSZ-SAN,8,Ogle
230922,postdrought2,postdrought,7,38,41,-2.68,13:40,midday,TSZ10,1219,TSZ-SAN,10,Ogle
230922,postdrought2,postdrought,7,38,42,-1.47,13:49,midday,TSZ10,1219,TSZ-SAN,10,Hultine
230922,postdrought2,postdrought,7,38,43,-1.85,14:53,midday,CCR156,72,CCR-COL,156,Hultine
230922,postdrought2,postdrought,7,38,44,-1.76,13:43,midday,CCR156,72,CCR-COL,156,Hultine
230922,postdrought2,postdrought,7,38,45,-2.09,14:21,midday,CCR156,72,CCR-COL,156,Ogle
230922,postdrought2,postdrought,7,38,46,-1.99,14:48,midday,CCR149,72,CCR-COL,149,Ogle
230922,postdrought2,postdrought,7,38,47,-2.3,14:04,midday,CCR149,72,CCR-COL,149,Hultine
230922,postdrought2,postdrought,7,38,48,-1.65,13:52,midday,CCR149,72,CCR-COL,149,Ogle
230922,postdrought2,postdrought,7,38,49,-2.24,14:35,midday,CCR152,72,CCR-COL,152,Hultine
230922,postdrought2,postdrought,7,38,50,-1.38,14:13,midday,CCR152,72,CCR-COL,152,Hultine
230922,postdrought2,postdrought,7,38,51,-1.61,13:41,midday,CCR152,72,CCR-COL,152,Hultine
230922,postdrought2,postdrought,7,38,58,-2.08,14:08,midday,CCR155,72,CCR-COL,155,Hultine
230922,postdrought2,postdrought,7,38,59,-2.05,14:40,midday,CCR155,72,CCR-COL,155,Ogle
230922,postdrought2,postdrought,7,38,60,-1.24,14:12,midday,CCR155,72,CCR-COL,155,Ogle
230922,postdrought2,postdrought,7,38,61,-1.82,13:51,midday,CCR5,72,CCR-COL,5,Hultine
230922,postdrought2,postdrought,7,38,62,-1.97,14:42,midday,JLA155,1521,JLA-JAK,155,Ogle
230922,postdrought2,postdrought,7,38,63,-2.06,14:36,midday,CCR5,72,CCR-COL,5,Ogle
230922,postdrought2,postdrought,7,38,64,-1.83,14:40,midday,JLA155,1521,JLA-JAK,155,Hultine
230922,postdrought2,postdrought,7,38,66,-1.6,13:36,midday,JLA155,1521,JLA-JAK,155,Ogle
230922,postdrought2,postdrought,7,38,67,-2.08,14:06,midday,JLA157,1521,JLA-JAK,157,Ogle
230922,postdrought2,postdrought,7,38,68,-2.42,14:01,midday,JLA157,1521,JLA-JAK,157,Hultine
230922,postdrought2,postdrought,7,38,69,-1.63,13:47,midday,JLA153,1521,JLA-JAK,153,Hultine
230922,postdrought2,postdrought,7,38,70,-1.93,13:39,midday,JLA158,1521,JLA-JAK,158,Hultine
230922,postdrought2,postdrought,7,38,71,-1.83,14:44,midday,JLA156,1521,JLA-JAK,156,Ogle
230922,postdrought2,postdrought,7,38,72,-1.78,14:38,midday,JLA157,1521,JLA-JAK,157,Ogle
230922,postdrought2,postdrought,7,38,73,-2.04,13:46,midday,JLA158,1521,JLA-JAK,158,Ogle
230922,postdrought2,postdrought,7,38,74,-1.82,13:44,midday,JLA156,1521,JLA-JAK,156,Ogle
230922,postdrought2,postdrought,7,38,75,-1.86,13:34,midday,JLA156,1521,JLA-JAK,156,Ogle
230922,postdrought2,postdrought,7,38,76,-2.36,13:49,midday,JLA153,1521,JLA-JAK,153,Ogle
230922,postdrought2,postdrought,7,38,81,-1.77,13:32,midday,JLA158,1521,JLA-JAK,158,Hultine
230922,postdrought2,postdrought,7,38,83,-2.17,14:49,midday,TSZ7,1219,TSZ-SAN,7,Hultine
230922,postdrought2,postdrought,7,38,85,-1.69,14:08,midday,CCR5,72,CCR-COL,5,Ogle
230922,postdrought2,postdrought,7,38,90,-1.46,14:32,midday,JLA153,1521,JLA-JAK,153,Ogle
230922,postdrought2,postdrought,7,38,1,-0.39,4:10,predawn,NRV101,666,NRV-NEW,101,Hultine
230922,postdrought2,postdrought,7,38,2,-0.32,4:26,predawn,NRV101,666,NRV-NEW,101,Ogle
230922,postdrought2,postdrought,7,38,3,-0.49,4:28,predawn,NRV101,666,NRV-NEW,101,Ogle
230922,postdrought2,postdrought,7,38,7,-0.15,4:38,predawn,NRV105,666,NRV-NEW,105,Ogle
230922,postdrought2,postdrought,7,38,8,-0.52,4:43,predawn,NRV105,666,NRV-NEW,105,Ogle
230922,postdrought2,postdrought,7,38,9,-0.21,3:46,predawn,NRV105,666,NRV-NEW,105,Hultine
230922,postdrought2,postdrought,7,38,10,-0.67,3:25,predawn,NRV118,666,NRV-NEW,118,Ogle
230922,postdrought2,postdrought,7,38,11,-0.62,3:44,predawn,NRV118,666,NRV-NEW,118,Hultine
230922,postdrought2,postdrought,7,38,12,-0.21,4:28,predawn,NRV118,666,NRV-NEW,118,Hultine
230922,postdrought2,postdrought,7,38,16,-0.39,3:48,predawn,NRV122,666,NRV-NEW,122,Ogle
230922,postdrought2,postdrought,7,38,17,-0.44,3:28,predawn,NRV122,666,NRV-NEW,122,Hultine
230922,postdrought2,postdrought,7,38,18,-0.52,4:25,predawn,NRV122,666,NRV-NEW,122,Hultine
230922,postdrought2,postdrought,7,38,19,-0.43,4:39,predawn,NRV123,666,NRV-NEW,123,Hultine
230922,postdrought2,postdrought,7,38,20,-0.36,4:42,predawn,NRV123,666,NRV-NEW,123,Hultine
230922,postdrought2,postdrought,7,38,21,-0.33,4:13,predawn,TSZ10,1219,TSZ-SAN,10,Ogle
230922,postdrought2,postdrought,7,38,22,-0.52,4:24,predawn,NRV123,666,NRV-NEW,123,Ogle
230922,postdrought2,postdrought,7,38,29,-0.58,4:27,predawn,TSZ3,1219,TSZ-SAN,3,Hultine
230922,postdrought2,postdrought,7,38,30,-0.35,4:04,predawn,TSZ3,1219,TSZ-SAN,3,Hultine
230922,postdrought2,postdrought,7,38,31,-0.32,3:53,predawn,TSZ3,1219,TSZ-SAN,3,Hultine
230922,postdrought2,postdrought,7,38,32,-0.64,4:32,predawn,TSZ4,1219,TSZ-SAN,4,Hultine
230922,postdrought2,postdrought,7,38,33,-0.29,3:35,predawn,TSZ4,1219,TSZ-SAN,4,Hultine
230922,postdrought2,postdrought,7,38,34,-0.45,4:09,predawn,TSZ4,1219,TSZ-SAN,4,Hultine
230922,postdrought2,postdrought,7,38,36,-0.24,4:06,predawn,TSZ7,1219,TSZ-SAN,7,Hultine
230922,postdrought2,postdrought,7,38,37,-0.41,4:12,predawn,TSZ7,1219,TSZ-SAN,7,Hultine
230922,postdrought2,postdrought,7,38,38,-0.38,4:41,predawn,TSZ8,1219,TSZ-SAN,8,Ogle
230922,postdrought2,postdrought,7,38,39,-0.87,3:23,predawn,TSZ8,1219,TSZ-SAN,8,Ogle
230922,postdrought2,postdrought,7,38,40,-0.25,3:48,predawn,TSZ8,1219,TSZ-SAN,8,Hultine
230922,postdrought2,postdrought,7,38,41,-0.19,3:31,predawn,TSZ10,1219,TSZ-SAN,10,Hultine
230922,postdrought2,postdrought,7,38,42,-0.46,3:51,predawn,TSZ10,1219,TSZ-SAN,10,Hultine
230922,postdrought2,postdrought,7,38,43,-0.52,4:30,predawn,CCR156,72,CCR-COL,156,Ogle
230922,postdrought2,postdrought,7,38,44,-0.45,3:27,predawn,CCR156,72,CCR-COL,156,Ogle
230922,postdrought2,postdrought,7,38,45,-0.48,4:22,predawn,CCR156,72,CCR-COL,156,Hultine
230922,postdrought2,postdrought,7,38,46,-0.4,4:22,predawn,CCR149,72,CCR-COL,149,Ogle
230922,postdrought2,postdrought,7,38,47,-0.36,4:03,predawn,CCR149,72,CCR-COL,149,Ogle
230922,postdrought2,postdrought,7,38,48,-0.89,3:50,predawn,CCR149,72,CCR-COL,149,Ogle
230922,postdrought2,postdrought,7,38,49,-0.33,4:46,predawn,CCR152,72,CCR-COL,152,Ogle
230922,postdrought2,postdrought,7,38,50,-0.33,3:41,predawn,CCR152,72,CCR-COL,152,Hultine
230922,postdrought2,postdrought,7,38,51,-0.67,3:19,predawn,CCR152,72,CCR-COL,152,Ogle
230922,postdrought2,postdrought,7,38,58,-0.34,4:14,predawn,CCR155,72,CCR-COL,155,Hultine
230922,postdrought2,postdrought,7,38,59,-0.82,4:47,predawn,CCR155,72,CCR-COL,155,Hultine
230922,postdrought2,postdrought,7,38,60,-0.45,4:09,predawn,CCR155,72,CCR-COL,155,Ogle
230922,postdrought2,postdrought,7,38,61,-0.42,3:53,predawn,CCR5,72,CCR-COL,5,Ogle
230922,postdrought2,postdrought,7,38,62,-0.46,4:40,predawn,JLA155,1521,JLA-JAK,155,Ogle
230922,postdrought2,postdrought,7,38,63,-0.27,4:44,predawn,CCR5,72,CCR-COL,5,Hultine
230922,postdrought2,postdrought,7,38,64,-0.46,4:48,predawn,JLA155,1521,JLA-JAK,155,Hultine
230922,postdrought2,postdrought,7,38,66,-0.4,3:22,predawn,JLA155,1521,JLA-JAK,155,Hultine
230922,postdrought2,postdrought,7,38,67,-0.58,4:11,predawn,JLA157,1521,JLA-JAK,157,Ogle
230922,postdrought2,postdrought,7,38,68,-0.71,4:05,predawn,JLA157,1521,JLA-JAK,157,Ogle
230922,postdrought2,postdrought,7,38,69,-0.32,3:51,predawn,JLA153,1521,JLA-JAK,153,Ogle
230922,postdrought2,postdrought,7,38,70,-0.41,3:29,predawn,JLA158,1521,JLA-JAK,158,Ogle
230922,postdrought2,postdrought,7,38,71,-0.26,4:40,predawn,JLA156,1521,JLA-JAK,156,Hultine
230922,postdrought2,postdrought,7,38,72,-0.59,4:45,predawn,JLA157,1521,JLA-JAK,157,Ogle
230922,postdrought2,postdrought,7,38,73,-0.43,3:43,predawn,JLA158,1521,JLA-JAK,158,Ogle
230922,postdrought2,postdrought,7,38,74,-0.35,3:42,predawn,JLA156,1521,JLA-JAK,156,Ogle
230922,postdrought2,postdrought,7,38,75,-0.31,3:23,predawn,JLA156,1521,JLA-JAK,156,Hultine
230922,postdrought2,postdrought,7,38,76,-0.45,3:45,predawn,JLA153,1521,JLA-JAK,153,Ogle
230922,postdrought2,postdrought,7,38,81,-0.4,3:30,predawn,JLA158,1521,JLA-JAK,158,Hultine
230922,postdrought2,postdrought,7,38,83,-0.43,4:32,predawn,TSZ7,1219,TSZ-SAN,7,Ogle
230922,postdrought2,postdrought,7,38,85,-0.47,4:07,predawn,CCR5,72,CCR-COL,5,Ogle
230922,postdrought2,postdrought,7,38,90,-0.37,4:30,predawn,JLA153,1521,JLA-JAK,153,Hultine